,Status checking,Duration in month,Credit history,Purpose,Credit amount,Savings account,Present employment,Installment rate %,Other debtors,Present residence,Property,Age in years,Other installment plans,Housing,# Existing credits,Job,# Dependents,Telephone,Foreign worker,Class,Male div,Female div/mar,Male sing,Male mar/wid
0,0,6,4,A43,1169,4,4,4,0,4,0,67,2,1,2,2,1,1,1,1,0,0,1,0
1,1,48,2,A43,5951,0,2,2,0,2,0,22,2,1,1,2,1,0,1,2,0,1,0,0
2,3,12,4,A46,2096,0,3,2,0,3,0,49,2,1,1,1,2,0,1,1,0,0,1,0
3,0,42,2,A42,7882,0,3,2,2,4,1,45,2,2,1,2,2,0,1,1,0,0,1,0
4,0,24,3,A40,4870,0,2,3,0,4,3,53,2,2,2,2,2,0,1,2,0,0,1,0
5,3,36,2,A46,9055,4,2,2,0,4,3,35,2,2,1,1,2,1,1,1,0,0,1,0
6,3,24,2,A42,2835,2,4,3,0,4,1,53,2,1,1,2,1,0,1,1,0,0,1,0
7,1,36,2,A41,6948,0,2,2,0,2,2,35,2,0,1,3,1,1,1,1,0,0,1,0
8,3,12,2,A43,3059,3,3,2,0,4,0,61,2,1,1,1,1,0,1,1,1,0,0,0
9,1,30,4,A40,5234,0,0,4,0,2,2,28,2,1,2,3,1,0,1,2,0,0,0,1
10,1,12,2,A40,1295,0,1,3,0,1,2,25,2,0,1,2,1,0,1,2,0,1,0,0
11,0,48,2,A49,4308,0,1,3,0,4,1,24,2,0,1,2,1,0,1,2,0,1,0,0
12,1,12,2,A43,1567,0,2,1,0,1,2,22,2,1,1,2,1,1,1,1,0,1,0,0
13,0,24,4,A40,1199,0,4,4,0,4,2,60,2,1,2,1,1,0,1,2,0,0,1,0
14,0,15,2,A40,1403,0,2,2,0,4,2,28,2,0,1,2,1,0,1,1,0,1,0,0
15,0,24,2,A43,1282,1,2,4,0,2,2,32,2,1,1,1,1,0,1,2,0,1,0,0
16,3,24,4,A43,2424,4,4,4,0,4,1,53,2,1,2,2,1,0,1,1,0,0,1,0
17,0,30,0,A49,8072,4,1,2,0,3,2,25,0,1,3,2,1,0,1,1,0,0,1,0
18,1,24,2,A41,12579,0,4,4,0,2,3,44,2,2,1,3,1,1,1,2,0,1,0,0
19,3,24,2,A43,3430,2,4,3,0,2,2,31,2,1,1,2,2,1,1,1,0,0,1,0
20,3,9,4,A40,2134,0,2,4,0,4,2,48,2,1,3,2,1,1,1,1,0,0,1,0
21,0,6,2,A43,2647,2,2,2,0,3,0,44,2,0,1,2,2,0,1,1,0,0,1,0
22,0,10,4,A40,2241,0,1,1,0,3,0,48,2,0,2,1,2,0,0,1,0,0,1,0
23,1,12,4,A41,1804,1,1,3,0,4,1,44,2,1,1,2,1,0,1,1,0,0,1,0
24,3,10,4,A42,2069,4,2,2,0,1,2,26,2,1,2,2,1,0,0,1,0,0,0,1
25,0,6,2,A42,1374,0,2,1,0,2,0,36,0,1,1,1,1,1,1,1,0,0,1,0
26,3,6,0,A43,426,0,4,4,0,4,2,39,2,1,1,1,1,0,1,1,0,0,0,1
27,2,12,1,A43,409,3,2,3,0,3,0,42,2,0,2,2,1,0,1,1,0,1,0,0
28,1,7,2,A43,2415,0,2,3,2,2,0,34,2,1,1,2,1,0,1,1,0,0,1,0
29,0,60,3,A49,6836,0,4,3,0,4,3,63,2,1,2,2,1,1,1,2,0,0,1,0
30,1,18,2,A49,1913,3,1,3,0,3,0,36,0,1,1,2,1,1,1,1,0,0,0,1
31,0,24,2,A42,4020,0,2,2,0,2,2,27,1,1,1,2,1,0,1,1,0,0,1,0
32,1,18,2,A40,5866,1,2,2,0,2,2,30,2,1,2,2,1,1,1,1,0,0,1,0
33,3,12,4,A49,1264,4,4,4,0,4,3,57,2,0,1,1,1,0,1,1,0,0,1,0
34,2,12,2,A42,1474,0,1,4,0,1,1,33,0,1,1,3,1,1,1,1,0,1,0,0
35,1,45,4,A43,4746,0,1,4,0,2,1,25,2,1,2,1,1,0,1,2,0,0,1,0
36,3,48,4,A46,6110,0,2,1,0,3,3,31,0,2,1,2,1,1,1,1,0,0,1,0
37,2,18,2,A43,2100,0,2,4,1,2,0,37,1,1,1,2,1,0,1,2,0,0,1,0
38,2,10,2,A44,1225,0,2,2,0,2,2,37,2,1,1,2,1,1,1,1,0,0,1,0
39,1,9,2,A43,458,0,2,4,0,3,0,24,2,1,1,2,1,0,1,1,0,0,1,0
40,3,30,2,A43,2333,2,4,4,0,2,2,30,0,1,1,3,1,0,1,1,0,0,1,0
41,1,12,2,A43,1158,2,2,3,0,1,2,26,2,1,1,2,1,1,1,1,1,0,0,0
42,1,18,3,A45,6204,0,2,2,0,4,0,44,2,1,1,1,2,1,1,1,0,0,1,0
43,0,30,4,A41,6187,1,3,1,0,4,2,24,2,0,2,2,1,0,1,1,0,0,0,1
44,0,48,4,A41,6143,0,4,4,0,4,3,58,1,2,2,1,1,0,1,2,0,1,0,0
45,3,11,4,A40,1393,0,1,4,0,4,2,35,2,1,2,3,1,0,1,1,0,1,0,0
46,3,36,2,A43,2299,2,4,4,0,4,2,39,2,1,1,2,1,0,1,1,0,0,1,0
47,0,6,2,A41,1352,2,0,1,0,2,1,23,2,0,1,0,1,1,1,1,0,1,0,0
48,3,11,4,A40,7228,0,2,1,0,4,1,39,2,1,2,1,1,0,1,1,0,0,1,0
49,3,12,2,A43,2073,1,2,4,1,2,0,28,2,1,1,2,1,0,1,1,0,1,0,0
50,1,24,3,A42,2333,4,1,4,0,2,1,29,0,1,1,1,1,0,1,1,0,0,1,0
51,1,27,3,A41,5965,0,4,1,0,2,2,30,2,1,2,3,1,1,1,1,0,0,1,0
52,3,12,2,A43,1262,0,2,3,0,2,2,25,2,1,1,2,1,0,1,1,0,0,1,0
53,3,18,2,A41,3378,4,2,2,0,1,1,31,2,1,1,2,1,1,1,1,0,0,1,0
54,1,36,3,A40,2225,0,4,4,0,4,3,57,0,2,2,2,1,1,1,2,0,0,1,0
55,3,6,1,A40,783,4,2,1,2,2,0,26,1,1,1,1,2,0,1,1,0,0,1,0
56,1,12,2,A43,6468,4,0,2,0,1,3,52,2,1,1,3,1,1,1,2,0,0,1,0
57,3,36,4,A43,9566,0,2,2,0,2,2,31,1,1,2,2,1,0,1,1,0,1,0,0
58,2,18,2,A40,1961,0,4,3,0,2,2,23,2,1,1,3,1,0,1,1,0,1,0,0
59,0,36,4,A42,6229,0,1,4,1,4,3,23,2,0,2,1,1,1,1,2,0,1,0,0
60,1,9,2,A49,1391,0,2,2,0,1,0,27,0,1,1,2,1,1,1,1,0,0,0,1
61,1,15,4,A43,1537,4,4,4,2,4,0,50,2,1,2,2,1,1,1,1,0,0,1,0
62,1,36,0,A49,1953,0,4,4,0,4,3,61,2,2,1,3,1,1,1,2,0,0,1,0
63,1,48,0,A49,14421,0,2,2,0,2,2,25,2,1,1,2,1,1,1,2,0,0,1,0
64,3,24,2,A43,3181,0,1,4,0,4,1,26,2,1,1,2,1,1,1,1,0,1,0,0
65,3,27,2,A45,5190,4,4,4,0,4,1,48,2,1,4,2,2,1,1,1,0,0,1,0
66,3,12,2,A43,2171,0,1,2,0,2,2,29,0,1,1,2,1,0,1,1,0,1,0,0
67,1,12,2,A40,1007,3,2,4,0,1,0,22,2,1,1,2,1,0,1,1,0,0,0,1
68,3,36,2,A46,1819,0,2,4,0,4,3,37,1,2,1,2,1,1,1,2,0,0,1,0
69,3,36,2,A43,2394,4,2,4,0,4,2,25,2,1,1,2,1,0,1,1,0,1,0,0
70,3,36,2,A41,8133,0,2,1,0,2,1,30,0,1,1,2,1,0,1,1,0,1,0,0
71,3,7,4,A43,730,4,4,4,0,2,1,46,2,0,2,1,1,1,1,1,0,0,1,0
72,0,8,4,A410,1164,0,4,3,0,4,3,51,0,2,2,3,2,1,1,1,0,0,1,0
73,1,42,4,A49,5954,0,3,2,0,1,0,41,0,1,2,1,1,0,1,1,0,1,0,0
74,0,36,2,A46,1977,4,4,4,0,4,3,40,2,1,1,3,1,1,1,2,0,0,1,0
75,0,12,4,A41,1526,0,4,4,0,4,3,66,2,2,2,3,1,0,1,1,0,0,1,0
76,0,42,2,A43,3965,0,1,4,0,3,2,34,2,1,1,2,1,0,1,2,0,0,1,0
77,1,11,3,A43,4771,0,3,2,0,4,1,51,2,1,1,2,1,0,1,1,0,0,1,0
78,3,54,0,A41,9436,4,2,2,0,2,1,39,2,1,1,1,2,0,1,1,0,0,1,0
79,1,30,2,A42,3832,0,1,2,0,1,1,22,2,1,1,2,1,0,1,1,0,0,0,1
80,3,24,2,A43,5943,4,1,1,0,1,2,44,2,1,2,2,1,1,1,2,0,1,0,0
81,3,15,2,A43,1213,2,4,4,0,3,1,47,1,1,1,2,1,1,1,1,0,0,1,0
82,3,18,2,A49,1568,1,2,3,0,4,1,24,2,0,1,1,1,0,1,1,0,1,0,0
83,0,24,2,A410,1755,0,4,4,2,4,0,58,2,1,1,1,1,1,1,1,0,1,0,0
84,0,10,2,A43,2315,0,4,3,0,4,0,52,2,1,1,1,1,0,1,1,0,0,1,0
85,3,12,4,A49,1412,0,2,4,2,2,0,29,2,1,2,3,1,1,1,1,0,1,0,0
86,1,18,4,A42,1295,0,1,4,0,1,1,27,2,1,2,2,1,0,1,1,0,1,0,0
87,1,36,2,A46,12612,1,2,1,0,4,3,47,2,2,1,2,2,1,1,2,0,0,1,0
88,0,18,2,A40,2249,1,3,4,0,3,2,30,2,1,1,3,2,1,1,1,0,0,1,0
89,0,12,0,A45,1108,0,3,4,0,3,0,28,2,1,2,2,1,0,1,2,0,0,1,0
90,3,12,4,A43,618,0,4,4,0,4,0,56,2,1,1,2,1,0,1,1,0,0,1,0
91,0,12,4,A41,1409,0,4,4,0,3,0,54,2,1,1,2,1,0,1,1,0,0,1,0
92,3,12,4,A43,797,4,4,4,0,3,1,33,0,1,1,1,2,0,1,2,0,1,0,0
93,2,24,4,A42,3617,4,4,4,1,4,3,20,2,0,2,2,1,0,1,1,0,0,1,0
94,1,12,2,A40,1318,3,4,4,0,4,0,54,2,1,1,2,1,1,1,1,0,0,1,0
95,1,54,0,A49,15945,0,1,3,0,4,3,58,2,0,1,2,1,1,1,2,0,0,1,0
96,3,12,4,A46,2012,4,3,4,0,2,2,61,2,1,1,2,1,0,1,1,0,1,0,0
97,1,18,2,A49,2622,1,2,4,0,4,2,34,2,1,1,2,1,0,1,1,0,0,1,0
98,1,36,4,A43,2337,0,4,4,0,4,0,36,2,1,1,2,1,0,1,1,0,0,1,0
99,1,20,3,A41,7057,4,3,3,0,4,1,36,0,0,2,3,2,1,1,1,0,0,1,0
100,3,24,2,A40,1469,1,4,4,0,4,0,41,2,0,1,1,1,0,1,1,0,0,0,1
101,1,36,2,A43,2323,0,3,4,0,4,2,24,2,0,1,2,1,0,1,1,0,0,1,0
102,3,6,3,A43,932,0,2,3,0,2,0,24,2,1,1,2,1,0,1,1,0,1,0,0
103,1,9,4,A42,1919,0,3,4,0,3,2,35,2,0,1,2,1,1,1,1,0,0,1,0
104,3,12,2,A41,2445,4,1,2,0,4,2,26,2,0,1,2,1,1,1,1,0,0,0,1
105,1,24,4,A410,11938,0,2,2,1,3,2,39,2,1,2,3,2,1,1,2,0,0,1,0
106,3,18,1,A40,6458,0,4,2,0,4,3,39,0,1,2,3,2,1,1,2,0,0,1,0
107,1,12,2,A40,6078,0,3,2,0,2,2,32,2,1,1,2,1,0,1,1,0,0,1,0
108,0,24,2,A42,7721,4,1,1,0,2,1,30,2,1,1,2,1,1,0,1,0,1,0,0
109,1,14,2,A49,1410,2,4,1,0,2,0,35,2,1,1,2,1,1,1,1,0,0,0,1
110,1,6,3,A49,1449,1,4,1,0,2,2,31,0,1,2,2,2,0,1,1,1,0,0,0
111,2,15,2,A46,392,0,1,4,0,4,1,23,2,0,1,2,1,1,1,1,0,1,0,0
112,1,18,2,A40,6260,0,3,3,0,3,0,28,2,0,1,1,1,0,1,1,0,0,1,0
113,3,36,4,A40,7855,0,2,4,0,2,0,25,1,1,2,2,1,1,1,2,0,1,0,0
114,0,12,2,A43,1680,2,4,3,0,1,0,35,2,1,1,2,1,0,1,1,0,0,0,1
115,3,48,4,A43,3578,4,4,4,0,1,0,47,2,1,1,2,1,1,1,1,0,0,1,0
116,0,42,2,A43,7174,4,3,4,0,3,2,30,2,1,1,3,1,1,1,2,0,1,0,0
117,0,10,4,A42,2132,4,1,2,1,3,0,27,2,0,2,2,1,0,0,1,0,1,0,0
118,0,33,4,A42,4281,2,2,1,0,4,2,23,2,1,2,2,1,0,1,2,0,1,0,0
119,1,12,4,A40,2366,2,3,3,0,3,2,36,2,1,1,3,1,1,1,1,1,0,0,0
120,0,21,2,A43,1835,0,2,3,0,2,0,25,2,1,2,2,1,1,1,2,0,1,0,0
121,3,24,4,A41,3868,0,4,4,0,2,2,41,2,0,2,3,1,1,1,1,0,1,0,0
122,3,12,2,A42,1768,0,2,3,0,2,0,24,2,0,1,1,1,0,1,1,0,0,1,0
123,2,10,4,A40,781,0,4,4,0,4,3,63,2,2,2,2,1,1,1,1,0,0,1,0
124,1,18,2,A42,1924,4,1,4,0,3,0,27,2,0,1,2,1,0,1,2,0,1,0,0
125,0,12,4,A40,2121,0,2,4,0,2,1,30,2,1,2,2,1,0,1,1,0,0,1,0
126,0,12,2,A43,701,0,2,4,0,2,0,40,2,1,1,1,1,0,1,1,0,0,0,1
127,1,12,2,A45,639,0,2,4,0,2,2,30,2,1,1,2,1,0,1,2,0,0,1,0
128,1,12,4,A41,1860,0,0,4,0,2,2,34,2,1,2,3,1,1,1,1,0,0,1,0
129,0,12,4,A40,3499,0,2,3,1,2,0,29,2,1,2,2,1,0,1,2,0,1,0,0
130,1,48,2,A40,8487,4,3,1,0,2,2,24,2,1,1,2,1,0,1,1,0,1,0,0
131,0,36,3,A46,6887,0,2,4,0,3,1,29,1,1,1,2,1,1,1,2,0,0,1,0
132,3,15,2,A42,2708,0,1,2,0,3,1,27,0,1,2,1,1,0,1,1,0,0,1,0
133,3,18,2,A42,1984,0,2,4,0,4,3,47,0,2,2,2,1,0,1,1,0,0,1,0
134,3,60,2,A43,10144,1,3,2,0,4,0,21,2,1,1,2,1,1,1,1,0,1,0,0
135,3,12,4,A43,1240,4,4,4,0,2,0,38,2,1,2,2,1,1,1,1,0,1,0,0
136,3,27,3,A41,8613,3,2,2,0,2,2,27,2,1,2,2,1,0,1,1,0,0,1,0
137,1,12,2,A43,766,2,2,4,0,3,0,66,2,1,1,1,1,0,1,2,0,0,1,0
138,1,15,4,A43,2728,4,3,4,2,2,0,35,0,1,3,2,1,1,1,1,0,0,1,0
139,2,12,2,A43,1881,0,2,2,0,2,2,44,2,0,1,1,1,1,1,1,0,1,0,0
140,2,6,2,A40,709,3,1,2,0,2,0,27,2,1,1,0,1,0,0,1,0,0,0,1
141,1,36,2,A43,4795,0,1,4,0,1,3,30,2,1,1,3,1,1,1,1,0,1,0,0
142,0,27,2,A43,3416,0,2,3,0,2,2,27,2,1,1,3,1,0,1,1,0,0,1,0
143,0,18,2,A42,2462,0,2,2,0,2,2,22,2,1,1,2,1,0,1,2,0,0,1,0
144,3,21,4,A42,2288,0,1,4,0,4,1,23,2,1,1,2,1,1,1,1,0,1,0,0
145,1,48,1,A49,3566,1,3,4,0,2,2,30,2,1,1,2,1,0,1,1,0,0,1,0
146,0,6,4,A40,860,0,4,1,0,4,3,39,2,1,2,2,1,1,1,1,0,1,0,0
147,3,12,4,A40,682,1,3,4,0,3,2,51,2,1,2,2,1,1,1,1,0,1,0,0
148,0,36,4,A42,5371,0,2,3,2,2,1,28,2,1,2,2,1,0,1,1,0,0,1,0
149,3,18,4,A43,1582,3,4,4,0,4,2,46,2,1,2,2,1,0,1,1,0,0,1,0
150,3,6,2,A43,1346,1,4,2,0,4,3,42,0,2,1,2,2,1,1,1,0,0,1,0
151,3,10,2,A43,1924,0,2,1,0,4,1,38,2,1,1,2,1,1,0,1,0,0,1,0
152,2,36,2,A43,5848,0,2,4,0,1,2,24,2,1,1,2,1,0,1,1,0,0,1,0
153,1,24,4,A41,7758,3,4,2,0,4,3,29,2,0,1,2,1,0,1,1,0,1,0,0
154,1,24,3,A49,6967,1,3,4,0,4,2,36,2,0,1,3,1,1,1,1,0,0,1,0
155,0,12,2,A42,1282,0,2,2,0,4,2,20,2,0,1,2,1,0,1,2,0,1,0,0
156,0,9,4,A45,1288,1,4,3,2,4,0,48,2,1,2,2,2,0,0,1,0,0,1,0
157,0,12,1,A48,339,0,4,4,0,1,2,45,0,1,1,1,1,0,1,1,0,0,0,1
158,1,24,2,A40,3512,1,3,2,0,3,2,38,0,1,2,2,1,1,1,1,0,0,1,0
159,3,6,4,A43,1898,4,2,1,0,2,0,34,2,1,2,1,2,0,1,1,0,0,1,0
160,3,24,4,A43,2872,1,4,3,0,4,0,36,2,1,1,2,2,1,1,1,0,0,1,0
161,3,18,4,A40,1055,0,1,4,0,1,1,30,2,1,2,2,1,0,1,1,0,1,0,0
162,3,15,2,A44,1262,2,3,4,0,3,1,36,2,1,2,2,1,1,1,1,0,0,1,0
163,1,10,2,A40,7308,0,0,2,0,4,3,70,0,2,1,3,1,1,1,1,0,0,1,0
164,3,36,2,A40,909,2,4,4,0,4,1,36,2,1,1,2,1,0,1,1,0,0,1,0
165,3,6,2,A42,2978,2,2,1,0,2,2,32,2,1,1,2,1,1,1,1,0,0,1,0
166,0,18,2,A42,1131,0,0,4,0,2,2,33,2,1,1,2,1,0,1,2,0,1,0,0
167,1,11,2,A42,1577,3,1,4,0,1,0,20,2,1,1,2,1,0,1,1,0,1,0,0
168,3,24,2,A42,3972,0,3,2,0,4,1,25,2,0,1,2,1,1,1,1,0,1,0,0
169,1,24,4,A49,1935,0,4,4,0,4,0,31,2,1,2,2,1,1,1,2,1,0,0,0
170,0,15,0,A40,950,0,4,4,0,3,2,33,2,0,2,2,2,0,1,2,0,0,1,0
171,3,12,2,A42,763,0,2,4,0,1,0,26,2,1,1,2,1,1,1,1,0,1,0,0
172,1,24,3,A42,2064,0,0,3,0,2,1,34,2,1,1,3,1,1,1,2,0,1,0,0
173,1,8,2,A43,1414,0,2,4,2,2,0,33,2,1,1,2,1,0,0,1,0,0,1,0
174,0,21,3,A46,3414,0,1,2,0,1,1,26,2,1,2,2,1,0,1,2,0,0,1,0
175,3,30,1,A41,7485,4,0,4,0,1,0,53,0,1,1,3,1,1,1,2,0,1,0,0
176,0,12,2,A42,2577,0,2,2,0,1,2,42,2,1,1,2,1,0,1,1,1,0,0,0
177,0,6,4,A43,338,2,4,4,0,4,2,52,2,1,2,2,1,0,1,1,0,0,1,0
178,3,12,2,A43,1963,0,3,4,0,2,2,31,2,0,2,3,2,1,1,1,0,0,1,0
179,0,21,4,A40,571,0,4,4,0,4,0,65,2,1,2,2,1,0,1,1,0,0,1,0
180,3,36,3,A49,9572,0,1,1,0,1,2,28,2,1,2,2,1,0,1,2,1,0,0,0
181,1,36,3,A49,4455,0,2,2,0,2,0,30,1,1,2,3,1,1,1,2,1,0,0,0
182,0,21,1,A40,1647,4,2,4,0,2,1,40,2,1,2,1,2,0,1,2,0,0,1,0
183,3,24,4,A42,3777,3,2,4,0,4,0,50,2,1,1,2,1,1,1,1,0,0,1,0
184,1,18,4,A40,884,0,4,4,0,4,2,36,0,1,1,2,2,1,1,2,0,0,1,0
185,3,15,4,A43,1360,0,2,4,0,2,1,31,2,1,2,2,1,0,1,1,0,0,1,0
186,1,9,1,A41,5129,0,4,2,0,4,3,74,0,2,1,3,2,1,1,2,0,1,0,0
187,1,16,4,A40,1175,0,0,2,0,3,2,68,2,2,3,0,1,1,1,1,0,0,1,0
188,0,12,2,A43,674,1,3,4,0,1,1,20,2,1,1,2,1,0,1,2,0,0,0,1
189,1,18,0,A42,3244,0,2,1,0,4,2,33,0,1,2,2,1,1,1,1,0,1,0,0
190,3,24,2,A49,4591,3,2,2,0,3,1,54,2,1,3,3,1,1,1,2,0,0,1,0
191,1,48,0,A49,3844,1,3,4,0,4,3,34,2,2,1,1,2,0,1,2,0,0,1,0
192,1,27,2,A49,3915,0,2,4,0,2,2,36,2,1,1,2,2,1,1,2,0,0,1,0
193,3,6,2,A43,2108,0,3,2,0,2,0,29,2,0,1,2,1,0,1,1,0,0,0,1
194,1,45,2,A43,3031,1,2,4,2,4,1,21,2,0,1,2,1,0,1,2,0,0,1,0
195,1,9,4,A46,1501,0,4,2,0,3,2,34,2,1,2,3,1,1,1,2,0,1,0,0
196,3,6,4,A43,1382,0,2,1,0,1,2,28,2,1,2,2,1,1,1,1,0,1,0,0
197,1,12,2,A42,951,1,1,4,0,4,2,27,0,0,4,2,1,0,1,2,0,1,0,0
198,1,24,2,A41,2760,4,4,4,0,4,3,36,0,2,1,2,1,1,1,1,0,0,1,0
199,1,18,3,A42,4297,0,4,4,0,3,3,40,2,1,1,3,1,1,1,2,1,0,0,0
200,3,9,4,A46,936,2,4,4,0,2,2,52,2,1,2,2,1,1,1,1,0,0,1,0
201,0,12,2,A40,1168,0,2,4,0,3,0,27,2,1,1,1,1,0,1,1,0,0,0,1
202,3,27,3,A49,5117,0,3,3,0,4,2,26,2,1,2,2,1,0,1,1,0,0,1,0
203,0,12,2,A48,902,0,3,4,0,4,1,21,2,0,1,2,1,0,1,2,0,0,0,1
204,3,12,4,A40,1495,0,4,4,0,1,0,38,2,1,2,1,2,0,1,1,0,0,1,0
205,0,30,4,A41,10623,0,4,3,0,4,3,38,2,2,3,3,2,1,1,1,0,0,1,0
206,3,12,4,A42,1935,0,4,4,0,4,0,43,2,1,3,2,1,1,1,1,0,0,1,0
207,1,12,4,A44,1424,0,3,4,0,3,1,26,2,1,1,2,1,0,1,1,0,0,1,0
208,0,24,2,A49,6568,0,2,2,0,2,2,21,1,1,1,1,1,0,1,1,0,0,0,1
209,3,12,2,A41,1413,3,3,3,0,2,1,55,2,1,1,2,1,0,0,1,0,0,1,0
210,3,9,4,A43,3074,4,2,1,0,2,0,33,2,1,2,2,2,0,1,1,0,0,1,0
211,3,36,2,A43,3835,4,4,2,0,4,0,45,2,1,1,1,1,1,1,1,0,1,0,0
212,0,27,0,A49,5293,0,0,2,0,4,1,50,1,1,2,2,1,1,1,2,0,0,1,0
213,2,30,3,A49,1908,0,4,4,0,4,0,66,2,1,1,3,1,1,1,2,0,0,1,0
214,3,36,4,A43,3342,4,4,4,0,2,2,51,2,1,1,2,1,1,1,1,0,0,1,0
215,1,6,4,A48,932,4,3,1,0,3,1,39,2,1,2,1,1,0,1,1,0,1,0,0
216,0,18,0,A49,3104,0,3,3,0,1,1,31,0,1,1,2,1,1,1,1,0,0,1,0
217,2,36,2,A43,3913,0,2,2,0,2,0,23,2,1,1,2,1,1,1,1,0,0,1,0
218,0,24,2,A42,3021,0,2,2,0,2,0,24,2,0,1,1,1,0,1,1,1,0,0,0
219,3,10,2,A40,1364,0,2,2,0,4,2,64,2,1,1,2,1,1,1,1,0,1,0,0
220,1,12,2,A43,625,0,1,4,2,1,0,26,0,1,1,1,1,0,1,1,0,0,0,1
221,0,12,2,A46,1200,4,2,4,0,4,1,23,0,0,1,2,1,1,1,1,0,1,0,0
222,3,12,2,A43,707,0,2,4,0,2,0,30,0,1,2,2,1,0,1,1,0,0,1,0
223,3,24,3,A49,2978,4,2,4,0,4,0,32,2,1,2,2,2,1,1,1,0,0,1,0
224,3,15,2,A41,4657,0,2,3,0,2,2,30,2,1,1,2,1,1,1,1,0,0,1,0
225,3,36,0,A45,2613,0,2,4,0,2,2,27,2,1,2,2,1,0,1,1,0,0,1,0
226,1,48,2,A43,10961,3,3,1,1,2,3,27,0,1,2,2,1,1,1,2,0,0,1,0
227,0,12,2,A42,7865,0,4,4,0,4,3,53,2,2,1,3,1,1,1,2,0,0,1,0
228,3,9,2,A43,1478,0,3,4,0,2,2,22,2,1,1,2,1,0,1,2,0,0,1,0
229,0,24,2,A42,3149,0,1,4,0,1,3,22,0,2,1,2,1,0,1,1,0,0,1,0
230,2,36,2,A43,4210,0,2,4,0,2,2,26,2,1,1,2,1,0,1,2,0,0,1,0
231,3,9,2,A40,2507,2,4,2,0,4,3,51,2,2,1,1,1,0,1,1,0,0,1,0
232,3,12,2,A43,2141,1,3,3,0,1,3,35,2,1,1,2,1,0,1,1,0,0,1,0
233,1,18,2,A43,866,0,2,4,2,2,0,25,2,1,1,1,1,0,1,1,0,0,0,1
234,3,4,4,A43,1544,0,3,2,0,1,0,42,2,1,3,1,2,0,1,1,0,0,1,0
235,0,24,2,A43,1823,0,0,4,0,2,2,30,1,1,1,3,2,0,1,2,0,0,1,0
236,1,6,2,A40,14555,4,0,1,0,2,1,23,2,1,1,0,1,1,1,2,0,0,1,0
237,1,21,2,A49,2767,1,4,4,0,2,2,61,0,0,2,1,1,0,1,2,1,0,0,0
238,3,12,4,A43,1291,0,2,4,0,2,1,35,2,1,2,2,1,0,1,1,0,1,0,0
239,0,30,2,A43,2522,0,4,1,2,3,1,39,2,1,1,2,2,0,1,1,0,0,1,0
240,0,24,2,A40,915,4,4,4,0,2,2,29,0,1,1,2,1,0,1,2,0,1,0,0
241,3,6,2,A43,1595,0,3,3,0,2,1,51,2,1,1,2,2,0,1,1,0,0,1,0
242,0,48,0,A41,4605,0,4,3,0,4,3,24,2,2,2,2,2,0,1,2,0,0,1,0
243,3,12,4,A49,1185,0,2,3,0,2,0,27,2,1,2,2,1,0,1,1,0,1,0,0
244,3,12,1,A48,3447,2,2,4,0,3,0,35,2,1,1,1,2,0,1,1,0,1,0,0
245,3,24,2,A49,1258,0,3,4,0,1,0,25,2,1,1,2,1,1,1,1,0,0,1,0
246,3,12,4,A43,717,0,4,4,0,4,0,52,2,1,3,2,1,0,1,1,0,0,1,0
247,3,6,0,A40,1204,1,2,4,0,1,3,35,0,0,1,2,1,0,0,1,0,0,1,0
248,2,24,2,A42,1925,0,2,2,0,2,0,26,2,1,1,2,1,0,1,1,0,0,1,0
249,3,18,2,A43,433,0,0,3,1,4,0,22,2,0,1,2,1,0,1,2,0,1,0,0
250,0,6,4,A40,666,3,3,3,0,4,0,39,2,1,2,1,1,1,1,1,0,1,0,0
251,2,12,2,A42,2251,0,2,1,0,2,2,46,2,1,1,1,1,0,1,1,0,1,0,0
252,1,30,2,A40,2150,0,2,4,2,2,3,24,0,1,1,2,1,0,1,2,0,1,0,0
253,3,24,3,A42,4151,1,2,2,0,3,1,35,2,1,2,2,1,0,1,1,0,0,1,0
254,1,9,2,A42,2030,4,3,2,0,1,2,24,2,1,1,2,1,1,1,1,0,0,1,0
255,1,60,3,A43,7418,4,2,1,0,1,0,27,2,1,1,1,1,0,1,1,0,0,1,0
256,3,24,4,A43,2684,0,2,4,0,2,0,35,2,1,2,1,1,0,1,1,0,0,1,0
257,0,12,1,A43,2149,0,2,4,0,1,3,29,2,2,1,2,1,0,1,2,1,0,0,0
258,3,15,2,A41,3812,1,1,1,0,4,2,23,2,1,1,2,1,1,1,1,0,1,0,0
259,3,11,4,A43,1154,1,0,4,0,4,0,57,2,1,3,1,1,0,1,1,0,1,0,0
260,0,12,2,A42,1657,0,2,2,0,2,0,27,2,1,1,2,1,0,1,1,0,0,1,0
261,0,24,2,A43,1603,0,4,4,0,4,2,55,2,1,1,2,1,0,1,1,0,1,0,0
262,0,18,4,A40,5302,0,4,2,0,4,3,36,2,2,3,3,1,1,1,1,0,0,1,0
263,3,12,4,A46,2748,0,4,2,0,4,3,57,0,2,3,1,1,0,1,1,0,1,0,0
264,3,10,4,A40,1231,0,4,3,0,4,0,32,2,1,2,1,2,0,0,1,0,0,1,0
265,1,15,2,A43,802,0,4,4,0,3,2,37,2,1,1,2,2,0,1,2,0,0,1,0
266,3,36,4,A49,6304,4,4,4,0,4,0,36,2,1,2,2,1,0,1,1,0,0,1,0
267,3,24,2,A43,1533,0,1,4,0,3,2,38,1,1,1,2,1,1,1,1,0,1,0,0
268,0,14,2,A40,8978,0,4,1,0,4,1,45,2,1,1,3,1,1,0,2,1,0,0,0
269,3,24,2,A43,999,4,4,4,0,2,2,25,2,1,2,2,1,0,1,1,0,0,1,0
270,3,18,2,A40,2662,4,3,4,0,3,1,32,2,1,1,2,1,0,0,1,0,0,1,0
271,3,12,4,A42,1402,2,3,3,0,4,2,37,2,0,1,2,1,1,1,1,0,1,0,0
272,1,48,1,A40,12169,4,0,4,1,4,3,36,2,2,1,3,1,1,1,1,0,0,1,0
273,1,48,2,A43,3060,0,3,4,0,4,0,28,2,1,2,2,1,0,1,2,0,0,1,0
274,0,30,2,A45,11998,0,1,1,0,1,3,34,2,1,1,1,1,1,1,2,1,0,0,0
275,3,9,2,A43,2697,0,2,1,0,2,0,32,2,1,1,2,2,0,1,1,0,0,1,0
276,3,18,4,A43,2404,0,2,2,0,2,2,26,2,1,2,2,1,0,1,1,0,1,0,0
277,0,12,2,A42,1262,4,4,2,0,4,1,49,2,1,1,1,1,1,1,1,1,0,0,0
278,3,6,2,A42,4611,0,1,1,0,4,1,32,2,1,1,2,1,0,1,2,0,1,0,0
279,3,24,2,A43,1901,1,2,4,0,4,2,29,2,0,1,3,1,1,1,1,0,0,1,0
280,3,15,4,A41,3368,3,4,3,0,4,3,23,2,0,2,2,1,1,1,1,0,0,1,0
281,3,12,2,A42,1574,0,2,4,0,2,0,50,2,1,1,2,1,0,1,1,0,0,1,0
282,2,18,1,A43,1445,4,3,4,0,4,2,49,0,1,1,1,1,0,1,1,0,0,1,0
283,3,15,4,A42,1520,4,4,4,0,4,1,63,2,1,1,2,1,0,1,1,0,0,1,0
284,1,24,4,A40,3878,1,1,4,0,2,2,37,2,1,1,2,1,1,1,1,1,0,0,0
285,0,47,2,A40,10722,0,1,1,0,1,0,35,2,1,1,1,1,1,1,1,0,1,0,0
286,0,48,2,A41,4788,0,3,4,0,3,1,26,2,1,1,2,2,0,1,1,0,0,1,0
287,1,48,3,A410,7582,1,0,2,0,4,3,31,2,2,1,3,1,1,1,1,0,0,1,0
288,1,12,2,A43,1092,0,2,4,2,4,0,49,2,1,2,2,1,1,1,1,0,1,0,0
289,0,24,3,A43,1024,0,1,4,0,4,0,48,1,1,1,2,1,0,1,2,0,0,0,1
290,3,12,2,A49,1076,0,2,2,0,2,0,26,2,1,1,2,1,1,0,1,0,0,0,1
291,1,36,2,A41,9398,0,1,1,0,4,2,28,2,0,1,3,1,1,1,2,0,0,0,1
292,0,24,4,A41,6419,0,4,2,0,4,3,44,2,2,2,3,2,1,1,1,0,1,0,0
293,2,42,4,A41,4796,0,4,4,0,4,3,56,2,2,1,2,1,0,1,1,0,0,1,0
294,3,48,4,A49,7629,4,4,4,0,2,2,46,0,1,2,3,2,0,1,1,1,0,0,0
295,1,48,2,A42,9960,0,1,1,0,2,2,26,2,1,1,2,1,1,1,2,0,1,0,0
296,3,12,2,A41,4675,4,1,1,0,4,2,20,2,0,1,2,1,0,1,1,0,1,0,0
297,3,10,2,A40,1287,4,4,4,1,2,1,45,2,1,1,1,1,0,0,1,0,0,1,0
298,3,18,2,A42,2515,0,2,3,0,4,0,43,2,1,1,2,1,1,1,1,0,0,1,0
299,1,21,4,A42,2745,3,3,3,0,2,2,32,2,1,2,2,1,1,1,1,0,0,1,0
300,3,6,2,A40,672,0,0,1,0,4,0,54,2,1,1,0,1,1,1,1,0,1,0,0
301,1,36,0,A43,3804,0,2,4,0,1,2,42,2,1,1,2,1,1,1,2,0,1,0,0
302,2,24,4,A40,1344,4,3,4,0,2,0,37,0,1,2,1,2,0,1,2,0,0,1,0
303,0,10,4,A40,1038,0,3,4,1,3,1,49,2,1,2,2,1,1,1,1,0,0,1,0
304,3,48,4,A40,10127,2,2,2,0,2,3,44,0,2,1,2,1,0,1,2,0,0,1,0
305,3,6,2,A42,1543,3,2,4,0,2,0,33,2,1,1,2,1,0,1,1,1,0,0,0
306,3,30,2,A41,4811,4,3,2,0,4,1,24,1,0,1,1,1,0,1,1,0,1,0,0
307,0,12,2,A43,727,1,1,4,0,3,3,33,2,1,1,1,1,1,1,2,0,0,0,1
308,1,8,2,A42,1237,0,2,3,0,4,0,24,2,1,1,2,1,0,1,2,0,1,0,0
309,1,9,2,A40,276,0,2,4,0,4,0,22,2,0,1,1,1,0,1,1,0,0,0,1
310,1,48,2,A410,5381,4,0,3,0,4,3,40,0,2,1,0,1,1,1,1,0,0,1,0
311,3,24,2,A42,5511,1,2,4,0,1,2,25,1,1,1,2,1,0,1,1,0,0,1,0
312,2,24,2,A42,3749,0,1,2,0,4,2,26,2,1,1,2,1,0,1,1,0,1,0,0
313,1,12,2,A40,685,0,3,2,0,3,2,25,0,1,1,1,1,0,1,2,0,0,0,1
314,2,4,2,A40,1494,4,1,1,0,2,0,29,2,1,1,1,2,0,0,1,0,0,1,0
315,0,36,1,A42,2746,0,4,4,0,4,2,31,0,1,1,2,1,0,1,2,0,0,1,0
316,0,12,2,A42,708,0,2,2,2,3,1,38,2,1,1,1,2,0,1,1,0,0,1,0
317,1,24,2,A42,4351,4,2,1,0,4,1,48,2,1,1,1,1,1,1,1,0,1,0,0
318,3,12,4,A46,701,0,2,4,0,2,2,32,2,1,2,2,1,0,1,1,0,0,1,0
319,0,15,3,A42,3643,0,4,1,0,4,1,27,2,1,2,1,1,0,1,1,0,1,0,0
320,1,30,4,A40,4249,0,0,4,0,2,2,28,2,1,2,3,1,0,1,2,0,0,0,1
321,0,24,2,A43,1938,0,1,4,0,3,1,32,2,1,1,2,1,0,1,2,1,0,0,0
322,0,24,2,A41,2910,0,3,2,0,1,3,34,2,2,1,3,1,1,1,1,0,0,1,0
323,0,18,2,A42,2659,3,2,4,0,2,2,28,2,1,1,2,1,0,1,1,0,0,1,0
324,3,18,4,A40,1028,0,2,4,0,3,0,36,2,1,2,2,1,0,1,1,0,1,0,0
325,0,8,4,A40,3398,0,3,1,0,4,0,39,2,1,2,1,1,0,0,1,0,0,1,0
326,3,12,4,A42,5801,4,4,2,0,4,1,49,2,0,1,2,1,1,1,1,0,0,1,0
327,3,24,2,A40,1525,3,3,4,0,3,2,34,2,1,1,2,2,1,1,1,0,1,0,0
328,2,36,2,A43,4473,0,4,4,0,2,2,31,2,1,1,2,1,0,1,1,0,0,1,0
329,1,6,2,A43,1068,0,4,4,0,4,2,28,2,1,1,2,2,0,1,1,0,0,1,0
330,0,24,4,A41,6615,0,0,2,0,4,3,75,2,2,2,3,1,1,1,1,0,0,1,0
331,3,18,4,A46,1864,1,2,4,0,2,0,30,2,1,2,2,1,0,1,2,0,1,0,0
332,1,60,2,A40,7408,1,1,4,0,2,1,24,2,1,1,3,1,0,1,2,0,1,0,0
333,3,48,4,A41,11590,1,2,2,0,4,2,24,0,0,2,1,1,0,1,2,0,1,0,0
334,0,24,0,A42,4110,0,4,3,0,4,3,23,0,0,2,2,2,0,1,2,0,0,1,0
335,0,6,4,A42,3384,0,2,1,0,4,0,44,2,0,1,3,1,1,1,2,1,0,0,0
336,1,13,2,A43,2101,0,1,2,2,4,1,23,2,1,1,1,1,0,1,1,0,1,0,0
337,0,15,2,A44,1275,4,2,4,0,2,2,24,2,0,1,2,1,0,1,2,0,1,0,0
338,0,24,2,A42,4169,0,2,4,0,4,1,28,2,1,1,2,1,0,1,1,0,0,1,0
339,1,10,2,A42,1521,0,2,4,0,2,2,31,2,1,1,1,1,0,1,1,1,0,0,0
340,1,24,4,A46,5743,0,1,2,0,4,3,24,2,2,2,2,1,1,1,1,0,1,0,0
341,0,21,2,A42,3599,0,3,1,0,4,2,26,2,0,1,1,1,0,1,1,0,1,0,0
342,1,18,2,A43,3213,2,1,1,0,3,0,25,2,0,1,2,1,0,1,1,0,0,0,1
343,1,18,2,A49,4439,0,4,1,1,1,0,33,0,1,1,3,1,1,1,1,0,0,1,0
344,2,10,2,A40,3949,0,1,1,2,1,1,37,2,1,1,1,2,0,1,1,0,0,1,0
345,3,15,4,A43,1459,0,2,4,0,2,2,43,2,1,1,1,1,0,1,1,0,1,0,0
346,1,13,4,A43,882,0,1,4,2,4,0,23,2,1,2,2,1,0,1,1,0,0,1,0
347,1,24,2,A43,3758,2,0,1,0,4,3,23,2,0,1,0,1,0,1,1,0,1,0,0
348,3,6,3,A49,1743,1,2,1,0,2,0,34,2,1,2,1,1,0,1,1,0,0,1,0
349,1,9,4,A46,1136,3,4,4,0,3,3,32,2,2,2,2,2,0,1,2,0,0,1,0
350,3,9,2,A44,1236,0,1,1,0,4,0,23,2,0,1,2,1,1,1,1,0,1,0,0
351,1,9,2,A42,959,0,2,1,0,2,2,29,2,1,1,2,1,0,0,2,0,1,0,0
352,3,18,4,A41,3229,4,0,2,0,4,3,38,2,1,1,3,1,1,1,1,0,0,1,0
353,0,12,0,A43,6199,0,2,4,0,2,1,28,2,0,2,2,1,1,1,2,0,0,1,0
354,3,10,2,A46,727,2,4,4,0,4,3,46,2,2,1,2,1,1,1,1,0,0,1,0
355,1,24,2,A40,1246,0,1,4,0,2,0,23,1,1,1,1,1,0,1,2,0,0,1,0
356,3,12,4,A43,2331,4,4,1,1,4,0,49,2,1,1,2,1,1,1,1,0,0,1,0
357,3,36,3,A43,4463,0,2,4,0,2,2,26,2,1,2,3,1,1,1,2,0,0,1,0
358,3,12,2,A43,776,0,2,4,0,2,0,28,2,1,1,2,1,0,1,1,0,0,0,1
359,0,30,2,A42,2406,0,3,4,0,4,0,23,2,0,1,2,1,0,1,2,0,1,0,0
360,1,18,2,A46,1239,4,2,4,0,4,3,61,2,2,1,2,1,0,1,1,0,0,1,0
361,2,12,2,A43,3399,4,4,2,0,3,2,37,2,1,1,3,1,0,1,1,0,0,1,0
362,2,12,3,A40,2247,0,2,2,0,2,2,36,1,1,2,2,1,1,1,1,0,1,0,0
363,3,6,2,A42,1766,0,2,1,0,2,1,21,2,0,1,2,1,0,1,1,0,0,0,1
364,0,18,2,A42,2473,0,0,4,0,1,2,25,2,1,1,0,1,0,1,2,0,0,1,0
365,3,12,2,A49,1542,0,3,2,0,4,2,36,2,1,1,2,1,1,1,1,0,0,1,0
366,3,18,4,A41,3850,0,3,3,0,1,2,27,2,1,2,2,1,0,1,1,0,0,1,0
367,0,18,2,A42,3650,0,1,1,0,4,2,22,2,0,1,2,1,0,1,1,0,1,0,0
368,0,36,2,A42,3446,0,4,4,0,2,2,42,2,1,1,2,2,0,1,2,0,0,1,0
369,1,18,2,A42,3001,0,3,2,0,4,0,40,2,0,1,2,1,0,1,1,0,1,0,0
370,3,36,2,A40,3079,4,2,4,0,4,0,36,2,1,1,2,1,0,1,1,0,0,1,0
371,3,18,4,A43,6070,0,4,3,0,4,2,33,2,1,2,2,1,1,1,1,0,0,1,0
372,3,10,4,A42,2146,0,1,1,0,3,0,23,2,0,2,2,1,0,1,1,0,1,0,0
373,3,60,4,A40,13756,4,4,2,0,4,3,63,0,2,1,3,1,1,1,1,0,0,1,0
374,1,60,1,A410,14782,1,4,3,0,4,3,60,0,2,2,3,1,1,1,2,0,1,0,0
375,0,48,1,A49,7685,0,3,2,2,4,2,37,2,0,1,2,1,0,1,2,0,1,0,0
376,3,18,3,A43,2320,0,0,2,0,3,0,34,2,1,2,2,1,0,1,1,0,0,0,1
377,3,7,3,A43,846,4,4,3,0,4,3,36,2,2,1,2,1,0,1,1,0,0,1,0
378,1,36,2,A40,14318,0,4,4,0,2,3,57,2,2,1,3,1,1,1,2,0,0,1,0
379,3,6,4,A40,362,1,2,4,0,4,2,52,2,1,2,1,1,0,1,1,0,1,0,0
380,0,20,2,A42,2212,4,3,4,0,4,2,39,2,1,1,2,1,1,1,1,0,0,1,0
381,1,18,2,A41,12976,0,0,3,0,4,3,38,2,2,1,3,1,1,1,2,0,1,0,0
382,3,22,2,A40,1283,4,3,4,0,4,1,25,2,0,1,2,1,0,1,1,0,1,0,0
383,2,12,2,A40,1330,0,1,4,0,1,0,26,2,1,1,2,1,0,1,1,0,0,1,0
384,3,30,3,A49,4272,1,2,2,0,2,1,26,2,1,2,1,1,0,1,1,0,0,1,0
385,3,18,4,A43,2238,0,2,2,0,1,2,25,2,1,2,2,1,0,1,1,0,1,0,0
386,3,18,2,A43,1126,4,1,4,0,2,0,21,2,0,1,2,1,1,1,1,0,1,0,0
387,1,18,4,A42,7374,0,0,4,0,4,1,40,1,1,2,3,1,1,1,1,0,0,1,0
388,1,15,4,A49,2326,2,2,2,0,4,2,27,0,1,1,2,1,0,1,1,0,0,1,0
389,3,9,2,A49,1449,0,3,3,0,2,2,27,2,1,2,2,1,0,1,1,0,1,0,0
390,3,18,2,A40,1820,0,2,2,0,2,1,30,2,1,1,3,1,1,1,1,0,0,0,1
391,1,12,2,A42,983,3,1,1,0,4,0,19,2,0,1,1,1,0,1,1,0,1,0,0
392,0,36,2,A40,3249,0,3,2,0,4,3,39,0,2,1,3,2,1,1,1,0,0,1,0
393,0,6,4,A43,1957,0,3,1,0,4,2,31,2,1,1,2,1,0,1,1,0,1,0,0
394,3,9,4,A42,2406,0,0,2,0,3,2,31,2,1,1,3,1,0,1,1,0,0,1,0
395,1,39,3,A46,11760,1,3,2,0,3,3,32,2,0,1,2,1,1,1,1,0,0,1,0
396,0,12,2,A42,2578,0,0,3,0,4,3,55,2,2,1,3,1,0,1,1,0,1,0,0
397,0,36,4,A42,2348,0,2,3,0,2,1,46,2,1,2,2,1,1,1,1,0,0,0,1
398,1,12,2,A40,1223,0,4,1,0,1,0,46,2,0,2,2,1,0,1,2,1,0,0,0
399,3,24,4,A43,1516,3,2,4,0,1,0,43,2,1,2,1,1,0,1,1,0,1,0,0
400,3,18,2,A43,1473,0,1,3,0,4,0,39,2,1,1,2,1,1,1,1,0,0,0,1
401,1,18,4,A49,1887,4,2,4,0,4,0,28,0,1,2,2,1,0,1,1,0,0,0,1
402,3,24,3,A49,8648,0,1,2,0,2,2,27,0,1,2,2,1,1,1,2,0,0,1,0
403,3,14,3,A40,802,0,2,4,0,2,2,27,2,1,2,1,1,0,1,1,0,0,1,0
404,1,18,3,A40,2899,4,4,4,0,4,2,43,2,1,1,2,2,0,1,1,0,0,1,0
405,1,24,2,A43,2039,0,1,1,0,1,1,22,2,1,1,2,1,1,1,2,0,0,0,1
406,3,24,4,A41,2197,4,3,4,0,4,2,43,2,1,2,2,2,1,1,1,0,0,1,0
407,0,15,2,A43,1053,0,1,4,0,2,0,27,2,1,1,2,1,0,0,1,0,0,0,1
408,3,24,2,A43,3235,2,4,3,0,2,2,26,2,1,1,3,1,1,1,1,1,0,0,0
409,2,12,4,A40,939,2,3,4,0,2,0,28,2,1,3,2,1,1,1,2,0,0,0,1
410,1,24,2,A43,1967,0,4,4,0,4,2,20,2,1,1,2,1,1,1,1,0,1,0,0
411,3,33,4,A41,7253,0,3,3,0,2,2,35,2,1,2,3,1,1,1,1,0,0,1,0
412,3,12,4,A49,2292,0,0,4,0,2,2,42,1,1,2,3,1,1,1,2,0,0,1,0
413,3,10,2,A40,1597,2,2,3,0,2,3,40,2,0,1,1,2,0,0,1,0,0,1,0
414,0,24,2,A40,1381,4,2,4,0,2,1,35,2,1,1,2,1,0,1,2,0,1,0,0
415,3,36,4,A41,5842,0,4,2,0,2,1,35,2,1,2,2,2,1,1,1,0,0,1,0
416,0,12,2,A40,2579,0,1,4,0,1,0,33,2,1,1,1,2,0,1,2,0,0,1,0
417,0,18,3,A46,8471,4,2,1,0,2,2,23,2,0,2,2,1,1,1,1,0,1,0,0
418,3,21,2,A40,2782,2,3,1,0,2,2,31,0,1,1,3,1,0,1,1,0,1,0,0
419,1,18,2,A40,1042,4,2,4,0,2,1,33,2,1,1,2,1,0,1,2,0,1,0,0
420,3,15,2,A40,3186,3,3,2,0,3,2,20,2,0,1,2,1,0,1,1,0,1,0,0
421,1,12,2,A41,2028,4,2,4,0,2,2,30,2,1,1,2,1,0,1,1,0,0,1,0
422,1,12,4,A40,958,0,3,2,0,3,0,47,2,1,2,1,2,0,1,1,0,0,1,0
423,3,21,3,A42,1591,1,3,4,0,3,0,34,2,1,2,3,1,0,1,1,0,0,1,0
424,1,12,2,A42,2762,4,4,1,0,2,1,25,0,1,1,2,1,1,1,2,0,1,0,0
425,1,18,2,A41,2779,0,2,1,0,3,2,21,2,0,1,2,1,1,1,1,0,0,0,1
426,3,28,4,A43,2743,0,4,4,0,2,2,29,2,1,2,2,1,0,1,1,0,0,1,0
427,3,18,4,A43,1149,3,2,4,0,3,0,46,2,1,2,2,1,0,1,1,0,0,1,0
428,3,9,2,A42,1313,0,4,1,0,4,2,20,2,1,1,2,1,0,1,1,0,0,1,0
429,0,18,4,A45,1190,0,0,2,0,4,3,55,2,2,3,0,2,0,1,2,0,1,0,0
430,3,5,2,A49,3448,0,3,1,0,4,0,74,2,1,1,1,1,0,1,1,0,0,1,0
431,1,24,2,A410,11328,0,2,2,1,3,2,29,0,1,2,3,1,1,1,2,0,0,1,0
432,0,6,4,A42,1872,0,0,4,0,4,3,36,2,2,3,3,1,1,1,1,0,0,1,0
433,3,24,4,A45,2058,0,2,4,0,2,0,33,2,1,2,2,1,1,1,1,1,0,0,0
434,0,9,2,A42,2136,0,2,3,0,2,0,25,2,1,1,2,1,0,1,1,0,0,1,0
435,1,12,2,A43,1484,4,2,2,0,1,0,25,2,1,1,2,1,1,1,2,0,0,0,1
436,3,6,2,A45,660,2,3,2,0,4,0,23,2,0,1,1,1,0,1,1,0,0,0,1
437,3,24,4,A40,1287,3,4,4,0,4,0,37,2,1,2,2,1,1,1,1,0,1,0,0
438,0,42,4,A45,3394,0,0,4,1,4,2,65,2,1,2,0,1,0,1,1,0,0,1,0
439,2,12,1,A49,609,0,1,4,0,1,0,26,2,1,1,0,1,0,1,2,0,1,0,0
440,3,12,2,A40,1884,0,4,4,0,4,2,39,2,1,1,3,1,1,1,1,0,0,1,0
441,0,12,2,A42,1620,0,2,2,1,3,1,30,2,1,1,2,1,0,1,1,0,1,0,0
442,1,20,3,A410,2629,0,2,2,0,3,2,29,0,1,2,2,1,1,1,1,0,0,1,0
443,3,12,2,A46,719,0,4,4,0,4,2,41,0,1,1,1,2,0,1,2,0,0,1,0
444,1,48,4,A42,5096,0,2,2,0,3,2,30,2,1,1,3,1,1,1,2,0,1,0,0
445,3,9,4,A46,1244,4,4,4,0,4,1,41,2,0,2,1,1,0,1,1,0,1,0,0
446,0,36,2,A40,1842,0,1,4,0,4,2,34,2,1,1,2,1,1,1,2,0,1,0,0
447,1,7,2,A43,2576,0,2,2,2,2,0,35,2,1,1,2,1,0,1,1,0,0,1,0
448,2,12,2,A42,1424,4,4,3,0,4,0,55,2,1,1,3,1,1,1,1,0,1,0,0
449,1,15,3,A45,1512,3,2,3,0,3,1,61,1,1,2,2,1,0,1,2,0,0,0,1
450,3,36,4,A41,11054,4,2,4,0,2,2,30,2,1,1,3,1,1,1,1,0,0,1,0
451,3,6,2,A43,518,0,2,3,0,1,0,29,2,1,1,2,1,0,1,1,0,1,0,0
452,3,12,0,A42,2759,0,4,2,0,4,1,34,2,1,2,2,1,0,1,1,0,0,1,0
453,3,24,2,A41,2670,0,4,4,0,4,2,35,2,1,1,3,1,1,1,1,0,0,1,0
454,0,24,2,A40,4817,0,3,2,1,3,1,31,2,1,1,2,1,1,1,2,0,0,1,0
455,3,24,2,A41,2679,0,1,4,0,1,3,29,2,1,1,3,1,1,1,1,0,1,0,0
456,0,11,4,A40,3905,0,2,2,0,2,0,36,2,0,2,2,2,0,1,1,0,0,1,0
457,0,12,2,A41,3386,0,4,3,0,4,3,35,2,2,1,2,1,1,1,2,0,0,1,0
458,0,6,2,A44,343,0,1,4,0,1,0,27,2,1,1,2,1,0,1,1,0,1,0,0
459,3,18,2,A43,4594,0,1,3,0,2,2,32,2,1,1,2,1,1,1,1,0,0,1,0
460,0,36,2,A42,3620,0,2,1,2,2,1,37,2,1,1,2,2,0,1,1,0,0,1,0
461,0,15,2,A40,1721,0,1,2,0,3,0,36,2,1,1,2,1,0,1,1,0,0,1,0
462,1,12,2,A42,3017,0,1,3,0,1,0,34,2,0,1,3,1,0,1,1,0,1,0,0
463,1,12,2,A48,754,4,4,4,0,4,1,38,2,1,2,2,1,0,1,1,0,0,1,0
464,3,18,2,A49,1950,0,3,4,0,1,2,34,1,1,2,2,1,1,1,1,0,0,1,0
465,0,24,2,A41,2924,0,2,3,2,4,3,63,0,1,1,2,2,1,1,1,0,0,1,0
466,0,24,3,A43,1659,0,1,4,0,2,2,29,2,0,1,1,1,1,1,2,0,1,0,0
467,3,48,3,A43,7238,4,4,3,0,3,2,32,0,1,2,2,2,0,1,1,0,0,1,0
468,3,33,3,A49,2764,0,2,2,0,2,2,26,2,1,2,2,1,1,1,1,0,1,0,0
469,3,24,3,A41,4679,0,3,3,0,3,2,35,2,1,2,1,1,1,1,1,0,0,1,0
470,1,24,2,A43,3092,1,1,3,0,2,2,22,2,0,1,2,1,1,1,2,0,0,0,1
471,0,6,2,A46,448,0,1,4,0,4,1,23,2,1,1,2,1,0,1,2,0,1,0,0
472,0,9,2,A40,654,0,2,4,0,3,2,28,2,1,1,1,1,0,1,2,0,0,1,0
473,3,6,2,A48,1238,4,0,4,0,4,1,36,2,1,1,3,2,1,1,1,0,0,1,0
474,1,18,4,A43,1245,0,2,4,0,2,2,33,2,1,1,2,1,0,1,2,0,0,0,1
475,0,18,0,A42,3114,0,1,1,0,4,1,26,2,0,1,2,1,0,1,2,0,1,0,0
476,3,39,2,A41,2569,2,2,4,0,4,2,24,2,1,1,2,1,0,1,1,0,0,1,0
477,2,24,2,A43,5152,0,3,4,0,2,2,25,0,1,1,2,1,0,1,1,0,0,1,0
478,1,12,2,A49,1037,1,3,3,0,4,0,39,2,1,1,1,1,0,1,1,0,0,1,0
479,0,15,4,A42,1478,0,4,4,0,4,2,44,2,1,2,2,2,1,1,1,0,0,1,0
480,1,12,4,A43,3573,0,2,1,0,1,0,23,2,1,1,1,1,0,1,1,0,1,0,0
481,1,24,2,A40,1201,0,1,4,0,1,1,26,2,1,1,2,1,0,1,1,0,0,1,0
482,0,30,2,A42,3622,3,4,4,0,4,1,57,2,0,2,2,1,1,1,1,0,1,0,0
483,3,15,3,A42,960,3,3,3,0,2,1,30,2,1,2,2,1,0,1,1,0,1,0,0
484,3,12,4,A40,1163,2,2,4,0,4,0,44,2,1,1,2,1,1,1,1,0,0,1,0
485,1,6,3,A40,1209,0,0,4,0,4,1,47,2,1,1,3,1,1,1,2,0,0,1,0
486,3,12,2,A43,3077,0,2,2,0,4,2,52,2,1,1,2,1,1,1,1,0,0,1,0
487,3,24,2,A40,3757,0,4,4,1,4,3,62,2,2,1,2,1,1,1,1,0,1,0,0
488,3,10,2,A40,1418,1,2,3,0,2,0,35,2,0,1,1,1,0,0,1,0,0,1,0
489,3,6,2,A40,3518,0,2,2,2,3,1,26,2,0,1,2,1,0,1,1,0,0,1,0
490,3,12,4,A43,1934,0,4,2,0,2,3,26,2,1,2,2,1,0,1,1,0,0,1,0
491,1,27,0,A49,8318,0,4,2,0,4,3,42,2,2,2,3,1,1,1,2,0,1,0,0
492,3,6,4,A43,1237,1,2,1,0,1,1,27,2,1,2,2,1,0,1,1,0,1,0,0
493,1,6,2,A43,368,4,4,4,0,4,1,38,2,1,1,2,1,0,1,1,0,0,1,0
494,0,12,4,A40,2122,0,2,3,0,2,0,39,2,0,2,1,2,0,0,1,0,0,1,0
495,0,24,2,A42,2996,4,2,2,0,4,2,20,2,1,1,2,1,0,1,2,0,0,0,1
496,1,36,2,A42,9034,1,1,4,1,1,3,29,2,0,1,3,1,1,1,2,0,0,1,0
497,3,24,4,A42,1585,0,3,4,0,3,1,40,2,1,2,2,1,0,1,1,0,0,1,0
498,1,18,2,A43,1301,0,4,4,2,2,0,32,2,1,1,1,1,0,1,1,0,0,0,1
499,2,6,4,A40,1323,1,4,2,0,4,2,28,2,1,2,2,2,1,1,1,1,0,0,0
500,0,24,2,A40,3123,0,1,4,0,1,1,27,2,1,1,2,1,0,1,2,0,1,0,0
501,0,36,2,A41,5493,0,4,2,0,4,3,42,2,2,1,2,2,0,1,1,0,0,1,0
502,2,9,2,A43,1126,1,4,2,0,4,0,49,2,1,1,2,1,0,1,1,1,0,0,0
503,1,24,4,A43,1216,1,1,4,0,4,3,38,0,1,2,2,2,0,1,2,0,0,1,0
504,0,24,2,A40,1207,0,1,4,0,4,1,24,2,0,1,2,1,0,1,2,0,1,0,0
505,3,10,2,A40,1309,4,2,4,2,4,1,27,2,1,1,1,1,0,1,2,0,0,1,0
506,2,15,4,A41,2360,2,2,2,0,2,2,36,2,1,1,2,1,1,1,1,0,0,1,0
507,1,15,1,A40,6850,1,0,1,0,2,1,34,2,1,1,3,2,1,1,2,0,0,1,0
508,3,24,2,A43,1413,0,2,4,0,2,1,28,2,1,1,2,1,0,1,1,0,0,0,1
509,3,39,2,A41,8588,1,4,4,0,2,2,45,2,1,1,3,1,1,1,1,0,0,1,0
510,0,12,2,A40,759,0,3,4,0,2,0,26,2,1,1,2,1,0,1,2,0,0,1,0
511,3,36,2,A41,4686,0,2,2,0,2,3,32,2,2,1,3,1,1,1,1,0,0,1,0
512,2,15,2,A49,2687,0,3,2,0,4,1,26,2,0,1,2,1,1,1,1,0,0,1,0
513,1,12,3,A43,585,0,2,4,1,4,0,20,2,0,2,2,1,0,1,1,0,0,0,1
514,3,24,2,A40,2255,4,1,4,0,1,1,54,2,1,1,2,1,0,1,1,0,0,1,0
515,0,6,4,A40,609,0,3,4,0,3,1,37,2,1,2,2,1,0,0,1,0,1,0,0
516,0,6,4,A40,1361,0,1,2,0,4,0,40,2,1,1,1,2,0,0,1,0,0,1,0
517,3,36,4,A42,7127,0,1,2,0,4,1,23,2,0,2,2,1,1,1,2,0,1,0,0
518,0,6,2,A40,1203,1,4,3,0,2,1,43,2,1,1,2,1,1,1,1,0,0,1,0
519,3,6,4,A43,700,4,4,4,0,4,3,36,2,2,2,2,1,0,1,1,0,0,1,0
520,3,24,4,A45,5507,0,4,3,0,4,3,44,2,2,2,2,1,0,1,1,0,0,1,0
521,0,18,2,A43,3190,0,2,2,0,2,0,24,2,1,1,2,1,0,1,2,0,1,0,0
522,0,48,0,A42,7119,0,2,3,0,4,3,53,2,2,2,2,2,0,1,2,0,0,1,0
523,3,24,2,A41,3488,1,3,3,0,4,2,23,2,1,1,2,1,0,1,1,0,1,0,0
524,1,18,2,A43,1113,0,2,4,2,4,0,26,2,1,1,1,2,0,1,1,0,1,0,0
525,1,26,2,A41,7966,0,1,2,0,3,2,30,2,1,2,2,1,0,1,1,0,0,1,0
526,3,15,4,A46,1532,1,2,4,0,3,2,31,2,1,1,2,1,0,1,1,0,1,0,0
527,3,4,4,A43,1503,0,3,2,0,1,0,42,2,1,2,1,2,0,1,1,0,0,1,0
528,0,36,2,A43,2302,0,2,4,0,4,2,31,2,0,1,2,1,0,1,2,1,0,0,0
529,0,6,2,A40,662,0,1,3,0,4,0,41,2,1,1,1,2,1,1,1,0,0,1,0
530,1,36,2,A46,2273,0,3,3,0,1,2,32,2,1,2,2,2,0,1,1,0,0,1,0
531,1,15,2,A40,2631,1,2,2,0,4,2,28,2,0,2,2,1,1,1,2,0,1,0,0
532,3,12,3,A41,1503,0,2,4,0,4,0,41,2,0,1,2,1,0,1,1,0,0,0,1
533,3,24,2,A43,1311,1,3,4,0,3,1,26,2,1,1,2,1,1,1,1,0,0,0,1
534,3,24,2,A43,3105,4,1,4,0,2,2,25,2,1,2,2,1,0,1,1,0,0,1,0
535,2,21,4,A46,2319,0,1,2,0,1,2,33,2,0,1,2,1,0,1,2,1,0,0,0
536,0,6,2,A40,1374,4,0,4,0,3,1,75,2,1,1,3,1,1,1,1,0,1,0,0
537,1,18,4,A42,3612,0,4,3,0,4,1,37,2,1,1,2,1,1,1,1,0,1,0,0
538,0,48,2,A40,7763,0,4,4,0,4,3,42,0,2,1,3,1,0,1,2,0,0,1,0
539,2,18,2,A42,3049,0,1,1,0,1,1,45,1,1,1,1,1,0,1,1,0,1,0,0
540,1,12,2,A43,1534,0,1,1,0,1,0,23,2,0,1,2,1,0,1,2,0,0,0,1
541,3,24,3,A40,2032,0,4,4,0,4,3,60,2,2,2,2,1,1,1,1,0,0,1,0
542,0,30,2,A42,6350,4,4,4,0,4,1,31,2,1,1,2,1,0,1,2,0,0,1,0
543,2,18,2,A42,2864,0,2,2,0,1,0,34,2,1,1,1,2,0,1,2,0,0,1,0
544,3,12,4,A40,1255,0,4,4,0,4,0,61,2,1,2,1,1,0,1,1,0,0,1,0
545,0,24,3,A40,1333,0,0,4,0,2,0,43,2,2,2,2,2,0,1,2,0,0,1,0
546,3,24,4,A40,2022,0,2,4,0,4,2,37,2,1,1,2,1,1,1,1,0,1,0,0
547,3,24,2,A43,1552,0,3,3,0,1,2,32,0,1,1,2,2,0,1,1,0,0,1,0
548,0,12,1,A43,626,0,2,4,0,4,0,24,0,1,1,1,1,0,1,2,0,1,0,0
549,3,48,4,A41,8858,4,3,2,0,1,3,35,2,2,2,2,1,1,1,1,0,0,1,0
550,3,12,4,A45,996,4,3,4,0,4,0,23,2,1,2,2,1,0,1,1,0,1,0,0
551,3,6,1,A43,1750,2,4,2,0,4,1,45,0,1,1,1,2,0,1,1,0,0,1,0
552,0,48,2,A43,6999,0,3,1,2,1,0,34,2,1,2,2,1,1,1,2,0,0,0,1
553,1,12,4,A40,1995,1,1,4,0,1,2,27,2,1,1,2,1,0,1,1,0,0,1,0
554,1,9,2,A46,1199,0,3,4,0,4,1,67,2,1,2,3,1,1,1,1,0,1,0,0
555,1,12,2,A43,1331,0,1,2,0,1,2,22,1,1,1,2,1,0,1,2,0,0,1,0
556,1,18,0,A40,2278,1,1,3,0,3,2,28,2,1,2,2,1,0,1,2,0,1,0,0
557,3,21,0,A40,5003,4,2,1,0,4,1,29,0,1,2,2,1,1,1,2,0,1,0,0
558,0,24,1,A42,3552,0,3,3,0,4,2,27,0,1,1,2,1,0,1,2,0,0,1,0
559,1,18,4,A42,1928,0,1,2,0,2,0,31,2,1,2,1,1,0,1,2,0,0,1,0
560,0,24,2,A41,2964,4,4,4,0,4,3,49,0,2,1,2,2,1,1,1,0,0,1,0
561,0,24,1,A43,1546,0,3,4,2,4,2,24,0,0,1,1,1,0,1,2,0,0,1,0
562,2,6,3,A43,683,0,1,2,0,1,1,29,0,1,1,2,1,0,1,1,0,1,0,0
563,1,36,2,A40,12389,4,2,1,0,4,3,37,2,2,1,2,1,1,1,2,0,0,1,0
564,1,24,3,A49,4712,4,2,4,0,2,1,37,0,1,2,3,1,1,1,1,0,0,1,0
565,1,24,3,A43,1553,1,3,3,0,2,1,23,2,0,2,2,1,1,1,1,0,1,0,0
566,0,12,2,A40,1372,0,3,2,0,3,2,36,2,1,1,2,1,0,1,2,1,0,0,0
567,3,24,4,A43,2578,3,4,2,0,2,2,34,2,1,1,2,1,0,1,1,0,0,1,0
568,1,48,2,A43,3979,4,3,4,0,1,2,41,2,1,2,2,2,1,1,1,0,0,1,0
569,0,48,2,A43,6758,0,2,3,0,2,2,31,2,1,1,2,1,1,1,2,0,1,0,0
570,0,24,2,A42,3234,0,1,4,0,4,0,23,2,0,1,1,1,1,1,2,0,1,0,0
571,3,30,4,A43,5954,0,3,3,1,2,2,38,2,1,1,2,1,0,1,1,0,0,1,0
572,3,24,2,A41,5433,4,0,2,0,4,1,26,2,0,1,3,1,1,1,1,0,1,0,0
573,0,15,2,A49,806,0,2,4,0,4,1,22,2,1,1,1,1,0,1,1,0,1,0,0
574,1,9,2,A43,1082,0,4,4,0,4,2,27,2,1,2,1,1,0,1,1,0,0,1,0
575,3,15,4,A42,2788,0,3,2,1,3,2,24,0,1,2,2,1,0,1,1,0,1,0,0
576,1,12,2,A43,2930,0,3,2,0,1,0,27,2,1,1,2,1,0,1,1,0,1,0,0
577,3,24,4,A46,1927,4,2,3,0,2,2,33,2,1,2,2,1,1,1,1,0,1,0,0
578,1,36,4,A40,2820,0,1,4,0,4,2,27,2,1,2,2,1,0,1,2,1,0,0,0
579,3,24,2,A48,937,0,1,4,0,3,2,27,2,1,2,1,1,0,1,1,0,0,0,1
580,1,18,4,A40,1056,0,4,3,2,3,0,30,0,1,2,2,1,0,1,2,0,0,1,0
581,1,12,4,A40,3124,0,1,1,0,3,0,49,0,1,2,1,2,0,1,1,0,0,1,0
582,3,9,2,A42,1388,0,2,4,0,2,0,26,2,0,1,2,1,0,1,1,0,1,0,0
583,1,36,2,A45,2384,0,1,4,0,1,3,33,2,0,1,1,1,0,1,2,0,0,1,0
584,3,12,2,A40,2133,4,4,4,0,4,3,52,2,2,1,3,1,1,1,1,0,1,0,0
585,0,18,2,A42,2039,0,2,1,0,4,0,20,0,0,1,2,1,0,1,2,0,1,0,0
586,0,9,4,A40,2799,0,2,2,0,2,0,36,2,0,2,2,2,0,1,1,0,0,1,0
587,0,12,2,A42,1289,0,2,4,2,1,1,21,2,1,1,1,1,0,1,1,0,0,1,0
588,0,18,2,A44,1217,0,2,4,0,3,0,47,2,1,1,1,1,1,1,2,0,0,0,1
589,0,12,4,A42,2246,0,4,3,0,3,1,60,2,1,2,2,1,0,1,2,0,0,1,0
590,0,12,4,A43,385,0,3,4,0,3,0,58,2,1,4,1,1,1,1,1,0,1,0,0
591,1,24,3,A40,1965,4,2,4,0,4,2,42,2,0,2,2,1,1,1,1,0,1,0,0
592,3,21,2,A49,1572,3,4,4,0,4,0,36,0,1,1,1,1,0,1,1,0,1,0,0
593,1,24,2,A40,2718,0,2,3,0,4,1,20,2,0,1,1,1,1,1,2,0,1,0,0
594,0,24,1,A410,1358,4,4,4,0,3,2,40,1,1,1,3,1,1,1,2,0,0,1,0
595,1,6,1,A40,931,1,1,1,0,1,1,32,1,1,1,1,1,0,1,2,0,1,0,0
596,0,24,2,A40,1442,0,3,4,0,4,2,23,2,0,2,2,1,0,1,2,0,1,0,0
597,1,24,0,A49,4241,0,2,1,0,4,0,36,2,1,3,1,1,1,1,2,0,0,1,0
598,3,18,4,A40,2775,0,3,2,0,2,1,31,0,1,2,2,1,0,1,2,0,0,1,0
599,3,24,3,A49,3863,0,2,1,0,2,3,32,2,2,1,2,1,0,1,1,0,0,1,0
600,1,7,2,A43,2329,0,1,1,2,1,0,45,2,1,1,2,1,0,1,1,0,1,0,0
601,1,9,2,A42,918,0,2,4,0,1,1,30,2,1,1,2,1,0,1,2,0,1,0,0
602,1,24,1,A46,1837,0,3,4,0,4,3,34,0,2,1,1,1,0,1,2,0,1,0,0
603,3,36,2,A42,3349,0,2,4,0,2,2,28,2,1,1,3,1,1,1,2,0,1,0,0
604,2,10,2,A42,1275,0,1,4,0,2,1,23,2,1,1,2,1,0,1,1,0,1,0,0
605,0,24,1,A42,2828,2,2,4,0,4,0,22,1,1,1,2,1,1,1,1,0,0,1,0
606,3,24,4,A49,4526,0,2,3,0,2,0,74,2,1,1,3,1,1,1,1,0,0,1,0
607,1,36,2,A43,2671,1,2,4,1,4,3,50,2,2,1,2,1,0,1,2,0,1,0,0
608,3,18,2,A43,2051,0,1,4,0,1,0,33,2,1,1,2,1,0,1,1,0,0,1,0
609,3,15,2,A41,1300,4,4,4,0,4,3,45,0,2,1,2,2,0,1,1,0,0,1,0
610,0,12,2,A44,741,1,0,4,0,3,1,22,2,1,1,2,1,0,1,2,0,1,0,0
611,2,10,2,A40,1240,1,4,1,0,4,3,48,2,2,1,1,2,0,1,2,0,1,0,0
612,0,21,2,A43,3357,3,1,4,0,2,2,29,0,1,1,2,1,0,1,1,0,1,0,0
613,0,24,1,A41,3632,0,2,1,2,4,2,22,0,0,1,2,1,0,0,1,0,1,0,0
614,3,18,3,A42,1808,0,3,4,0,1,0,22,2,1,1,2,1,0,1,2,0,1,0,0
615,1,48,0,A49,12204,4,2,2,0,2,2,48,0,1,1,3,1,1,1,1,0,0,1,0
616,1,60,3,A43,9157,4,2,2,0,2,3,27,2,2,1,3,1,0,1,1,0,0,1,0
617,0,6,4,A40,3676,0,2,1,0,3,0,37,2,0,3,2,2,0,1,1,0,0,1,0
618,1,30,2,A42,3441,1,2,2,1,4,2,21,2,0,1,2,1,0,1,2,0,1,0,0
619,3,12,2,A40,640,0,2,4,0,2,0,49,2,1,1,1,1,0,1,1,1,0,0,0
620,1,21,4,A49,3652,0,3,2,0,3,1,27,2,1,2,2,1,0,1,1,0,0,1,0
621,3,18,4,A40,1530,0,2,3,0,2,1,32,0,1,2,2,1,0,1,2,0,0,1,0
622,3,48,2,A49,3914,4,2,4,0,2,0,38,0,1,1,2,1,0,1,2,1,0,0,0
623,0,12,2,A42,1858,0,1,4,0,1,2,22,2,0,1,2,1,0,1,1,0,1,0,0
624,0,18,2,A43,2600,0,2,4,0,4,3,65,2,2,2,2,1,0,1,2,0,0,1,0
625,3,15,2,A43,1979,4,4,4,0,2,2,35,2,1,1,2,1,0,1,1,0,0,1,0
626,2,6,2,A42,2116,0,2,2,0,2,0,41,2,1,1,2,1,1,1,1,0,0,1,0
627,1,9,1,A40,1437,1,3,2,0,3,3,29,2,1,1,2,1,0,1,2,0,0,1,0
628,3,42,4,A42,4042,2,2,4,0,4,0,36,2,1,2,2,1,1,1,1,0,0,1,0
629,3,9,2,A46,3832,4,4,1,0,4,0,64,2,1,1,1,1,0,1,1,0,0,1,0
630,0,24,2,A43,3660,0,2,2,0,4,2,28,2,1,1,2,1,0,1,1,0,1,0,0
631,0,18,1,A42,1553,0,2,4,0,3,2,44,0,1,1,2,1,0,1,2,0,0,1,0
632,1,15,2,A43,1444,4,1,4,0,1,1,23,2,1,1,2,1,0,1,1,0,0,1,0
633,3,9,2,A42,1980,0,1,2,1,2,2,19,2,0,2,2,1,0,1,2,0,1,0,0
634,1,24,2,A40,1355,0,1,3,0,4,2,25,2,1,1,1,1,1,1,2,0,1,0,0
635,3,12,2,A46,1393,0,4,4,0,4,1,47,0,1,3,2,2,1,1,1,0,0,1,0
636,3,24,2,A43,1376,2,3,4,0,1,2,28,2,1,1,2,1,0,1,1,0,1,0,0
637,3,60,3,A43,15653,0,3,2,0,4,2,21,2,1,2,2,1,1,1,1,0,0,1,0
638,3,12,2,A43,1493,0,1,4,0,3,2,34,2,1,1,2,2,0,1,1,0,1,0,0
639,0,42,3,A43,4370,0,3,3,0,2,1,26,0,1,2,2,2,1,1,2,0,0,1,0
640,0,18,2,A46,750,0,0,4,0,1,0,27,2,1,1,0,1,0,1,2,0,1,0,0
641,1,15,2,A45,1308,0,4,4,0,4,2,38,2,1,2,1,1,0,1,1,0,0,1,0
642,3,15,2,A46,4623,1,2,3,0,2,1,40,2,1,1,3,1,1,1,2,0,0,1,0
643,3,24,4,A43,1851,0,3,4,2,2,2,33,2,1,2,2,1,1,1,1,0,0,0,1
644,0,18,4,A43,1880,0,3,4,0,1,1,32,2,1,2,3,1,1,1,1,0,0,0,1
645,3,36,3,A49,7980,4,1,4,0,4,2,27,2,0,2,2,1,1,1,2,0,0,1,0
646,0,30,0,A42,4583,0,2,2,2,2,0,32,2,1,2,2,1,0,1,1,1,0,0,0
647,3,12,2,A40,1386,2,2,2,0,2,1,26,2,1,1,2,1,0,1,2,0,1,0,0
648,2,24,2,A40,947,0,3,4,0,3,3,38,0,2,1,2,2,0,1,2,0,0,1,0
649,0,12,2,A46,684,0,2,4,0,4,2,40,2,0,1,1,2,0,1,2,0,0,1,0
650,0,48,2,A46,7476,0,3,4,0,1,3,50,2,2,1,3,1,1,1,1,0,0,1,0
651,1,12,2,A42,1922,0,2,4,0,2,1,37,2,1,1,1,1,0,1,2,0,0,1,0
652,0,24,2,A40,2303,0,4,4,1,1,0,45,2,1,1,2,1,0,1,2,0,0,1,0
653,1,36,3,A40,8086,1,4,2,0,4,2,42,2,1,4,3,1,1,1,2,0,0,1,0
654,3,24,4,A41,2346,0,3,4,0,3,2,35,2,1,2,2,1,1,1,1,0,0,1,0
655,0,14,2,A40,3973,0,0,1,0,4,3,22,2,2,1,2,1,0,1,1,0,0,1,0
656,1,12,2,A40,888,0,4,4,0,4,2,41,0,1,1,1,2,0,1,2,0,0,1,0
657,3,48,2,A43,10222,4,3,4,0,3,2,37,1,1,1,2,1,1,1,1,0,0,1,0
658,1,30,0,A49,4221,0,2,2,0,1,2,28,2,1,2,2,1,0,1,1,0,1,0,0
659,1,18,4,A42,6361,0,4,2,0,1,3,41,2,1,1,2,1,1,1,1,0,0,1,0
660,2,12,2,A43,1297,0,2,3,0,4,0,23,2,0,1,2,1,0,1,1,0,0,0,1
661,0,12,2,A40,900,4,2,4,0,2,2,23,2,1,1,2,1,0,1,2,0,0,0,1
662,3,21,2,A42,2241,0,4,4,0,2,0,50,2,1,2,2,1,0,1,1,0,0,1,0
663,1,6,3,A42,1050,0,0,4,0,1,1,35,1,1,2,3,1,1,1,1,0,0,1,0
664,2,6,4,A46,1047,0,2,2,0,4,1,50,2,1,1,1,1,0,1,1,0,1,0,0
665,3,24,4,A410,6314,0,0,4,1,2,3,27,0,1,2,3,1,1,1,1,0,0,1,0
666,1,30,1,A42,3496,3,2,4,0,2,2,34,1,1,1,2,2,1,1,1,0,0,1,0
667,3,48,1,A49,3609,0,2,1,0,1,0,27,1,1,1,2,1,0,1,1,0,1,0,0
668,0,12,4,A40,4843,0,4,3,1,4,1,43,2,0,2,2,1,1,1,2,0,0,1,0
669,2,30,4,A43,3017,0,4,4,0,4,1,47,2,1,1,2,1,0,1,1,0,0,1,0
670,3,24,4,A49,4139,1,2,3,0,3,1,27,2,1,2,1,1,1,1,1,0,0,1,0
671,3,36,2,A49,5742,1,3,2,0,2,2,31,2,1,2,2,1,1,1,1,0,0,1,0
672,3,60,2,A40,10366,0,4,2,0,4,1,42,2,1,1,3,1,1,1,1,0,0,1,0
673,3,6,4,A40,2080,2,2,1,0,2,2,24,2,1,1,2,1,0,1,1,0,0,0,1
674,3,21,3,A49,2580,2,1,4,0,2,0,41,0,1,1,1,2,0,1,2,0,0,1,0
675,3,30,4,A43,4530,0,3,4,0,4,2,26,2,0,1,3,1,1,1,1,0,1,0,0
676,3,24,4,A42,5150,0,4,4,0,4,2,33,2,1,1,2,1,1,1,1,0,0,1,0
677,1,72,2,A43,5595,1,2,2,0,2,2,24,2,1,1,2,1,0,1,2,0,0,0,1
678,0,24,2,A43,2384,0,4,4,0,4,0,64,0,0,1,1,1,0,1,1,0,0,1,0
679,3,18,2,A43,1453,0,1,3,0,1,0,26,2,1,1,2,1,0,1,1,0,1,0,0
680,3,6,2,A46,1538,0,1,1,0,2,3,56,2,1,1,2,1,0,1,1,0,1,0,0
681,3,12,2,A43,2279,4,2,4,0,4,3,37,2,2,1,2,1,1,1,1,0,0,1,0
682,3,15,3,A43,1478,0,2,4,0,3,0,33,0,1,2,2,1,0,1,1,0,0,0,1
683,3,24,4,A43,5103,0,1,3,0,3,3,47,2,2,3,2,1,1,1,1,0,0,0,1
684,1,36,3,A49,9857,1,3,1,0,3,1,31,2,1,2,1,2,1,1,1,0,0,1,0
685,3,60,2,A40,6527,4,2,4,0,4,3,34,2,2,1,2,2,1,1,1,0,0,1,0
686,2,10,4,A43,1347,4,3,4,0,2,1,27,2,1,2,2,1,1,1,1,0,0,1,0
687,1,36,3,A40,2862,1,4,4,0,3,3,30,2,2,1,2,1,0,1,1,0,0,1,0
688,3,9,2,A43,2753,1,4,3,1,4,2,35,2,1,1,2,1,1,1,1,0,0,1,0
689,0,12,2,A40,3651,3,2,1,0,3,1,31,2,1,1,2,2,0,1,1,0,0,1,0
690,0,15,4,A42,975,0,2,2,0,3,1,25,2,1,2,2,1,0,1,1,1,0,0,0
691,1,15,2,A45,2631,1,2,3,0,2,0,25,2,1,1,1,1,0,1,1,0,1,0,0
692,1,24,2,A43,2896,1,1,2,0,1,2,29,2,1,1,2,1,0,1,1,0,0,1,0
693,0,6,4,A40,4716,4,1,1,0,3,0,44,2,1,2,1,2,0,1,1,0,0,1,0
694,3,24,2,A43,2284,0,3,4,0,2,2,28,2,1,1,2,1,1,1,1,0,0,1,0
695,3,6,2,A41,1236,2,2,2,0,4,1,50,2,0,1,2,1,0,1,1,0,0,1,0
696,1,12,2,A43,1103,0,3,4,2,3,0,29,2,1,2,2,1,0,0,1,0,0,1,0
697,3,12,4,A40,926,0,0,1,0,2,1,38,2,1,1,0,1,0,1,1,0,1,0,0
698,3,18,4,A43,1800,0,2,4,0,2,2,24,2,1,2,2,1,0,1,1,0,0,1,0
699,2,15,2,A46,1905,0,4,4,0,4,2,40,2,0,1,3,1,1,1,1,0,0,1,0
700,3,12,2,A42,1123,2,2,4,0,4,2,29,2,0,1,1,1,0,1,2,0,1,0,0
701,0,48,4,A41,6331,0,4,4,0,4,3,46,2,2,2,2,1,1,1,2,0,0,1,0
702,2,24,2,A43,1377,1,4,4,0,2,3,47,2,2,1,2,1,1,1,1,0,1,0,0
703,1,30,3,A49,2503,1,4,4,0,2,1,41,1,1,2,2,1,0,1,1,0,0,1,0
704,1,27,2,A49,2528,0,1,4,0,1,1,32,2,1,1,2,2,1,1,1,0,1,0,0
705,3,15,2,A40,5324,2,4,1,0,4,3,35,2,2,1,2,1,0,1,1,0,1,0,0
706,1,48,2,A40,6560,1,3,3,0,2,1,24,2,1,1,2,1,0,1,2,0,0,1,0
707,1,12,0,A42,2969,0,1,4,0,3,1,25,2,0,2,2,1,0,1,2,0,1,0,0
708,1,9,2,A43,1206,0,4,4,0,4,0,25,2,1,1,2,1,0,1,1,0,1,0,0
709,1,9,2,A43,2118,0,2,2,0,2,0,37,2,1,1,1,2,0,1,1,0,0,1,0
710,3,18,4,A43,629,2,4,4,0,3,1,32,0,1,2,3,1,1,1,1,0,0,1,0
711,0,6,1,A46,1198,0,4,4,0,4,3,35,2,2,1,2,1,0,1,2,0,1,0,0
712,3,21,2,A41,2476,4,4,4,0,4,0,46,2,1,1,3,1,1,1,1,0,0,1,0
713,0,9,4,A43,1138,0,2,4,0,4,0,25,2,1,2,1,1,0,1,1,0,0,1,0
714,1,60,2,A40,14027,0,3,4,0,2,3,27,2,1,1,3,1,1,1,2,0,0,1,0
715,3,30,4,A41,7596,4,4,1,0,4,2,63,2,1,2,2,1,0,1,1,0,0,1,0
716,3,30,4,A43,3077,4,4,3,0,2,2,40,2,1,2,2,2,1,1,1,0,0,1,0
717,3,18,2,A43,1505,0,2,4,0,2,3,32,2,2,1,3,1,1,1,1,0,0,1,0
718,2,24,4,A43,3148,4,2,3,0,2,2,31,2,1,2,2,1,1,1,1,0,0,1,0
719,1,20,0,A41,6148,1,4,3,0,4,2,31,0,1,2,2,1,1,1,1,0,0,0,1
720,2,9,0,A43,1337,0,1,4,0,2,2,34,2,1,2,3,1,1,1,2,0,0,1,0
721,1,6,1,A46,433,3,1,4,0,2,1,24,0,0,1,2,2,0,1,2,0,1,0,0
722,0,12,2,A40,1228,0,2,4,0,2,0,24,2,1,1,1,1,0,1,2,0,1,0,0
723,1,9,2,A43,790,2,2,4,0,3,0,66,2,1,1,1,1,0,1,1,0,1,0,0
724,3,27,2,A40,2570,0,2,3,0,3,0,21,2,0,1,2,1,0,1,2,0,1,0,0
725,3,6,4,A40,250,3,2,2,0,2,0,41,0,1,2,1,1,0,1,1,0,1,0,0
726,3,15,4,A43,1316,2,2,2,0,2,1,47,2,1,2,1,1,0,1,1,0,0,0,1
727,0,18,2,A43,1882,0,2,4,0,4,2,25,0,0,2,2,1,0,1,2,0,1,0,0
728,1,48,1,A49,6416,0,4,4,0,3,3,59,2,0,1,2,1,0,1,2,0,1,0,0
729,2,24,4,A49,1275,3,2,2,0,4,0,36,2,1,2,2,1,1,1,1,1,0,0,0
730,1,24,3,A43,6403,0,1,1,0,2,2,33,2,1,1,2,1,0,1,1,0,0,1,0
731,0,24,2,A43,1987,0,2,2,0,4,0,21,2,0,1,1,2,0,1,2,0,0,1,0
732,1,8,2,A43,760,0,3,4,2,2,0,44,2,1,1,1,1,0,1,1,0,1,0,0
733,3,24,2,A41,2603,3,2,2,0,4,2,28,2,0,1,2,1,1,1,1,0,1,0,0
734,3,4,4,A40,3380,0,3,1,0,1,0,37,2,1,1,2,2,0,1,1,0,1,0,0
735,1,36,1,A44,3990,4,1,3,0,2,3,29,0,1,1,0,1,0,1,1,0,1,0,0
736,1,24,2,A41,11560,0,2,1,0,4,2,23,2,0,2,3,1,0,1,2,0,1,0,0
737,0,18,2,A40,4380,1,2,3,0,4,2,35,2,1,1,1,2,1,1,1,0,0,1,0
738,3,6,4,A40,6761,0,3,1,0,3,3,45,2,1,2,3,2,1,1,1,0,0,1,0
739,1,30,0,A49,4280,1,2,4,0,4,2,26,2,0,2,1,1,0,1,2,0,1,0,0
740,0,24,1,A40,2325,1,3,2,0,3,2,32,0,1,1,2,1,0,1,1,0,0,1,0
741,1,10,1,A43,1048,0,2,4,0,4,0,23,1,1,1,1,1,0,1,1,0,0,1,0
742,3,21,2,A43,3160,4,4,4,0,3,1,41,2,1,1,2,1,1,1,1,0,0,1,0
743,0,24,1,A42,2483,2,2,4,0,4,0,22,1,1,1,2,1,1,1,1,0,0,1,0
744,0,39,4,A42,14179,4,3,4,0,4,1,30,2,1,2,3,1,1,1,1,0,0,1,0
745,0,13,4,A49,1797,0,1,3,0,1,1,28,0,1,2,1,1,0,1,1,0,0,1,0
746,0,15,2,A40,2511,0,0,1,0,4,2,23,2,0,1,2,1,0,1,1,0,1,0,0
747,0,12,2,A40,1274,0,1,3,0,1,0,37,2,1,1,1,1,0,1,2,0,1,0,0
748,3,21,2,A41,5248,4,2,1,0,3,2,26,2,1,1,2,1,0,1,1,0,0,1,0
749,3,15,2,A41,3029,0,3,2,0,2,2,33,2,1,1,2,1,0,1,1,0,0,1,0
750,0,6,2,A42,428,0,4,2,0,1,1,49,0,1,1,2,1,1,1,1,0,1,0,0
751,0,18,2,A40,976,0,1,1,0,2,2,23,2,1,1,1,1,0,1,2,0,1,0,0
752,1,12,2,A49,841,1,3,2,0,4,0,23,2,0,1,1,1,0,1,1,0,1,0,0
753,3,30,4,A43,5771,0,3,4,0,2,2,25,2,1,2,2,1,0,1,1,0,1,0,0
754,3,12,3,A45,1555,3,4,4,0,4,3,55,2,2,2,2,2,0,1,2,0,0,1,0
755,0,24,2,A40,1285,4,3,4,0,4,3,32,2,0,1,2,1,0,1,2,0,1,0,0
756,2,6,4,A40,1299,0,2,1,0,1,0,74,2,1,3,0,2,0,0,1,0,0,1,0
757,2,15,4,A43,1271,4,2,3,0,4,3,39,2,2,2,2,1,1,1,2,0,0,1,0
758,3,24,2,A40,1393,0,2,2,2,2,0,31,2,1,1,2,1,1,1,1,0,0,1,0
759,0,12,4,A40,691,0,4,4,0,3,1,35,2,1,2,2,1,0,1,2,0,0,1,0
760,3,15,4,A40,5045,4,4,1,0,4,2,59,2,1,1,2,1,1,1,1,0,1,0,0
761,0,18,4,A42,2124,0,2,4,0,4,0,24,2,0,2,2,1,0,1,2,0,1,0,0
762,0,12,2,A43,2214,0,2,4,0,3,1,24,2,1,1,1,1,0,1,1,0,0,1,0
763,3,21,4,A40,12680,4,4,4,0,4,3,30,2,2,1,3,1,1,1,2,0,0,1,0
764,3,24,4,A40,2463,1,3,4,0,3,1,27,2,1,2,2,1,1,1,1,0,0,0,1
765,1,12,2,A43,1155,0,4,3,2,3,0,40,0,1,2,1,1,0,1,1,0,0,0,1
766,0,30,2,A42,3108,0,1,2,0,4,1,31,2,1,1,1,1,0,1,2,1,0,0,0
767,3,10,2,A41,2901,4,1,1,0,4,0,31,2,0,1,2,1,0,1,1,0,1,0,0
768,1,12,4,A42,3617,0,4,1,0,4,2,28,2,0,3,2,1,1,1,1,0,0,1,0
769,3,12,4,A43,1655,0,4,2,0,4,0,63,2,1,2,1,1,1,1,1,0,0,1,0
770,0,24,2,A41,2812,4,4,2,0,4,0,26,2,0,1,2,1,0,1,1,0,1,0,0
771,0,36,4,A46,8065,0,2,3,0,2,3,25,2,1,2,3,1,1,1,2,0,1,0,0
772,3,21,4,A41,3275,0,4,1,0,4,2,36,2,1,1,3,1,1,1,1,0,0,1,0
773,3,24,4,A43,2223,1,4,4,0,4,1,52,0,1,2,2,1,0,1,1,0,0,1,0
774,2,12,4,A40,1480,2,0,2,0,4,3,66,0,2,3,0,1,0,1,1,0,0,1,0
775,0,24,2,A40,1371,4,2,4,0,4,0,25,2,0,1,2,1,0,1,2,0,1,0,0
776,3,36,4,A40,3535,0,3,4,0,4,2,37,2,1,2,2,1,1,1,1,0,0,1,0
777,0,18,2,A43,3509,0,3,4,2,1,0,25,2,1,1,2,1,0,1,1,0,1,0,0
778,3,36,4,A41,5711,3,4,4,0,2,2,38,2,1,2,3,1,1,1,1,0,0,1,0
779,1,18,2,A45,3872,0,0,2,0,4,2,67,2,1,1,2,1,1,1,1,0,1,0,0
780,1,39,4,A43,4933,0,3,2,2,2,0,25,2,1,2,2,1,0,1,2,0,0,1,0
781,3,24,4,A40,1940,3,4,4,0,4,0,60,2,1,1,2,1,1,1,1,0,0,1,0
782,1,12,0,A48,1410,0,2,2,0,2,0,31,2,1,1,1,1,1,1,1,0,0,1,0
783,1,12,2,A40,836,1,1,4,0,2,1,23,0,1,1,1,1,0,1,2,0,1,0,0
784,1,20,2,A41,6468,4,0,1,0,4,0,60,2,1,1,3,1,1,1,1,1,0,0,0
785,1,18,2,A49,1941,3,2,4,0,2,1,35,2,1,1,1,1,1,1,1,0,0,1,0
786,3,22,2,A43,2675,2,4,3,0,4,2,40,2,1,1,2,1,0,1,1,0,0,1,0
787,3,48,4,A41,2751,4,4,4,0,3,2,38,2,1,2,2,2,1,1,1,0,0,1,0
788,1,48,3,A46,6224,0,4,4,0,4,3,50,2,2,1,2,1,0,1,2,0,0,1,0
789,0,40,4,A46,5998,0,2,4,0,3,3,27,0,1,1,2,1,1,1,2,0,0,1,0
790,1,21,2,A49,1188,0,4,2,0,4,1,39,2,1,1,2,2,0,1,2,0,1,0,0
791,3,24,2,A41,6313,4,4,3,0,4,2,41,2,1,1,3,2,1,1,1,0,0,1,0
792,3,6,4,A42,1221,4,2,1,0,2,1,27,2,1,2,2,1,0,1,1,0,0,0,1
793,2,24,2,A42,2892,0,4,3,0,4,3,51,2,2,1,2,1,0,1,1,1,0,0,0
794,3,24,2,A42,3062,2,4,4,0,3,3,32,2,0,1,2,1,1,1,1,0,0,1,0
795,3,9,2,A42,2301,1,1,2,0,4,1,22,2,0,1,2,1,0,1,1,0,1,0,0
796,0,18,2,A41,7511,4,4,1,0,4,1,51,2,2,1,2,2,1,1,2,0,0,1,0
797,3,12,4,A42,1258,0,1,2,0,4,1,22,2,0,2,1,1,0,1,1,0,1,0,0
798,3,24,3,A40,717,4,4,4,0,4,2,54,2,1,2,2,1,1,1,1,0,0,0,1
799,1,9,2,A40,1549,4,1,4,0,2,0,35,2,1,1,0,1,0,1,1,0,0,1,0
800,3,24,4,A46,1597,0,4,4,0,4,3,54,2,2,2,2,2,0,1,1,0,0,1,0
801,1,18,4,A43,1795,0,4,3,2,4,0,48,0,0,2,1,1,1,1,1,0,1,0,0
802,0,20,4,A42,4272,0,4,1,0,4,1,24,2,1,2,2,1,0,1,1,0,1,0,0
803,3,12,4,A43,976,4,4,4,0,4,2,35,2,1,2,2,1,0,1,1,0,0,1,0
804,1,12,2,A40,7472,4,0,1,0,2,0,24,2,0,1,0,1,0,1,1,0,1,0,0
805,0,36,2,A40,9271,0,3,2,0,1,2,24,2,1,1,2,1,1,1,2,0,0,1,0
806,1,6,2,A43,590,0,1,3,0,3,0,26,2,1,1,1,1,0,0,1,0,0,0,1
807,3,12,4,A43,930,4,4,4,0,4,0,65,2,1,4,2,1,0,1,1,0,0,1,0
808,1,42,1,A41,9283,0,0,1,0,2,3,55,0,2,1,3,1,1,1,1,0,0,1,0
809,1,15,0,A40,1778,0,1,2,0,1,0,26,2,0,2,0,1,0,1,2,0,1,0,0
810,1,8,2,A49,907,0,1,3,0,2,0,26,2,1,1,2,1,1,1,1,0,0,0,1
811,1,6,2,A43,484,0,3,3,2,3,0,28,0,1,1,1,1,0,1,1,0,0,0,1
812,0,36,4,A41,9629,0,3,4,0,4,2,24,2,1,2,2,1,1,1,2,0,0,1,0
813,0,48,2,A44,3051,0,2,3,0,4,2,54,2,1,1,2,1,0,1,2,0,0,1,0
814,0,48,2,A40,3931,0,3,4,0,4,3,46,2,2,1,2,2,0,1,2,0,0,1,0
815,1,36,3,A40,7432,0,2,2,0,2,1,54,2,0,1,2,1,0,1,1,0,1,0,0
816,3,6,2,A44,1338,2,2,1,0,4,0,62,2,1,1,2,1,0,1,1,1,0,0,0
817,3,6,4,A43,1554,0,3,1,0,2,2,24,2,0,2,2,1,1,1,1,0,1,0,0
818,0,36,2,A410,15857,0,0,2,1,3,2,43,2,1,1,3,1,0,1,1,1,0,0,0
819,0,18,2,A43,1345,0,2,4,0,3,0,26,0,1,1,2,1,0,1,2,0,0,0,1
820,3,12,2,A40,1101,0,2,3,0,2,0,27,2,1,2,2,1,1,1,1,0,0,0,1
821,2,12,2,A43,3016,0,2,3,0,1,2,24,2,1,1,2,1,0,1,1,0,0,0,1
822,0,36,2,A42,2712,0,4,2,0,2,1,41,0,1,1,2,2,0,1,2,0,0,1,0
823,0,8,4,A40,731,0,4,4,0,4,0,47,2,1,2,1,1,0,1,1,0,0,1,0
824,3,18,4,A42,3780,0,1,3,0,2,2,35,2,1,2,3,1,1,1,1,1,0,0,0
825,0,21,4,A40,1602,0,4,4,0,3,2,30,2,1,2,2,1,1,1,1,0,0,0,1
826,0,18,4,A40,3966,0,4,1,0,4,0,33,0,0,3,2,1,1,1,2,0,1,0,0
827,3,18,0,A49,4165,0,2,2,0,2,2,36,1,1,2,2,2,0,1,2,0,0,1,0
828,0,36,2,A41,8335,4,4,3,0,4,3,47,2,2,1,2,1,0,1,2,0,0,1,0
829,1,48,3,A49,6681,4,2,4,0,4,3,38,2,2,1,2,2,1,1,1,0,0,1,0
830,3,24,3,A49,2375,2,2,4,0,2,2,44,2,1,2,2,2,1,1,1,0,0,1,0
831,0,18,2,A40,1216,0,1,4,0,3,2,23,2,0,1,2,1,1,1,2,0,1,0,0
832,0,45,0,A49,11816,0,4,2,0,4,2,29,2,0,2,2,1,0,1,2,0,0,1,0
833,1,24,2,A43,5084,4,4,2,0,4,2,42,2,1,1,2,1,1,1,1,0,1,0,0
834,2,15,2,A43,2327,0,1,2,0,3,0,25,2,1,1,1,1,0,1,2,0,1,0,0
835,0,12,0,A40,1082,0,2,4,0,4,2,48,0,1,2,2,1,0,1,2,0,0,1,0
836,3,12,2,A43,886,4,2,4,0,2,2,21,2,1,1,2,1,0,1,1,0,1,0,0
837,3,4,2,A42,601,0,1,1,0,3,0,23,2,0,1,1,2,0,1,1,0,1,0,0
838,0,24,4,A41,2957,0,4,4,0,4,1,63,2,1,2,2,1,1,1,1,0,0,1,0
839,3,24,4,A43,2611,0,4,4,1,3,0,46,2,1,2,2,1,0,1,1,0,0,0,1
840,0,36,2,A42,5179,0,3,4,0,2,1,29,2,1,1,2,1,0,1,2,0,0,1,0
841,3,21,3,A41,2993,0,2,3,0,2,0,28,1,1,2,1,1,0,1,1,0,0,1,0
842,3,18,2,A45,1943,0,1,4,0,4,0,23,2,1,1,2,1,0,1,2,0,1,0,0
843,3,24,1,A49,1559,0,3,4,0,4,2,50,0,1,1,2,1,1,1,1,0,0,1,0
844,3,18,2,A42,3422,0,4,4,0,4,1,47,0,1,3,2,2,1,1,1,0,0,1,0
845,1,21,2,A42,3976,4,3,2,0,3,2,35,2,1,1,2,1,1,1,1,0,0,1,0
846,3,18,2,A40,6761,4,2,2,0,4,2,68,2,0,2,2,1,0,1,2,0,0,1,0
847,3,24,2,A40,1249,0,1,4,0,2,0,28,2,1,1,2,1,0,1,1,0,0,0,1
848,0,9,2,A43,1364,0,3,3,0,4,0,59,2,1,1,2,1,0,1,1,0,0,1,0
849,0,12,2,A43,709,0,4,4,0,4,0,57,1,1,1,1,1,0,1,2,0,0,1,0
850,0,20,4,A40,2235,0,2,4,2,2,1,33,0,0,2,2,1,0,0,2,0,0,0,1
851,3,24,4,A41,4042,4,3,3,0,4,1,43,2,1,2,2,1,1,1,1,0,0,1,0
852,3,15,4,A43,1471,0,2,4,0,4,3,35,2,2,2,2,1,1,1,1,0,0,1,0
853,0,18,1,A40,1442,0,3,4,0,4,3,32,2,2,2,1,2,0,1,2,0,0,1,0
854,3,36,3,A40,10875,0,4,2,0,2,2,45,2,1,2,2,2,1,1,1,0,0,1,0
855,3,24,2,A40,1474,1,1,4,0,3,0,33,2,1,1,2,1,1,1,1,0,0,0,1
856,3,10,2,A48,894,4,3,4,0,3,1,40,2,1,1,2,1,1,1,1,0,1,0,0
857,3,15,4,A42,3343,0,2,4,0,2,3,28,2,2,1,2,1,1,1,1,0,0,1,0
858,0,15,2,A40,3959,0,2,3,0,2,1,29,2,1,1,2,1,1,1,2,0,1,0,0
859,3,9,2,A40,3577,1,2,1,2,2,0,26,2,0,1,2,2,0,0,1,0,0,1,0
860,3,24,4,A41,5804,3,2,4,0,2,0,27,2,1,2,2,1,0,1,1,0,0,1,0
861,3,18,3,A49,2169,0,2,4,0,2,2,28,2,1,1,2,1,1,1,2,0,0,0,1
862,0,24,2,A43,2439,0,1,4,0,4,0,35,2,1,1,2,1,1,1,2,0,1,0,0
863,3,27,4,A42,4526,3,1,4,0,2,0,32,1,1,2,1,2,1,1,1,0,0,1,0
864,3,10,2,A42,2210,0,2,2,0,2,0,25,0,0,1,1,1,0,1,2,0,0,1,0
865,3,15,2,A42,2221,2,2,2,0,4,2,20,2,0,1,2,1,0,1,1,0,1,0,0
866,0,18,2,A43,2389,0,1,4,0,1,2,27,1,1,1,2,1,0,1,1,0,1,0,0
867,3,12,4,A42,3331,0,4,2,0,4,1,42,1,1,1,2,1,0,1,1,0,0,1,0
868,3,36,2,A49,7409,4,4,3,0,2,1,37,2,1,2,2,1,0,1,1,0,0,1,0
869,0,12,2,A42,652,0,4,4,0,4,1,24,2,0,1,2,1,0,1,1,0,1,0,0
870,3,36,3,A42,7678,2,3,2,0,4,2,40,2,1,2,2,1,1,1,1,0,1,0,0
871,2,6,4,A40,1343,0,4,1,0,4,0,46,2,1,2,2,2,0,0,1,0,0,1,0
872,0,24,4,A49,1382,1,3,4,0,1,0,26,2,1,2,2,1,1,1,1,0,0,1,0
873,3,15,2,A44,874,4,1,4,0,1,0,24,2,1,1,2,1,0,1,1,0,1,0,0
874,0,12,2,A42,3590,0,2,2,1,2,1,29,2,1,1,1,2,0,1,1,0,0,1,0
875,1,11,4,A40,1322,3,2,4,0,4,2,40,2,1,2,2,1,0,1,1,0,1,0,0
876,0,18,1,A43,1940,0,1,3,1,4,3,36,0,2,1,3,1,1,1,1,0,0,1,0
877,3,36,2,A43,3595,0,4,4,0,2,2,28,2,1,1,2,1,0,1,1,0,0,1,0
878,0,9,2,A40,1422,0,1,3,0,2,3,27,2,2,1,3,1,1,1,2,0,0,1,0
879,3,30,4,A43,6742,4,3,2,0,3,1,36,2,1,2,2,1,0,1,1,0,0,1,0
880,3,24,2,A41,7814,0,3,3,0,3,2,38,2,1,1,3,1,1,1,1,0,0,1,0
881,3,24,2,A41,9277,4,2,2,0,4,3,48,2,2,1,2,1,1,1,1,1,0,0,0
882,1,30,4,A40,2181,4,4,4,0,4,0,36,2,1,2,2,1,0,1,1,0,0,1,0
883,3,18,4,A43,1098,0,0,4,0,4,2,65,2,1,2,0,1,0,1,1,0,1,0,0
884,1,24,2,A42,4057,0,3,3,0,3,2,43,2,1,1,2,1,1,1,2,1,0,0,0
885,0,12,2,A46,795,0,1,4,0,4,1,53,2,1,1,2,1,0,1,2,0,1,0,0
886,1,24,4,A49,2825,4,3,4,0,3,3,34,2,1,2,2,2,1,1,1,0,0,1,0
887,1,48,2,A49,15672,0,2,2,0,2,2,23,2,1,1,2,1,1,1,2,0,0,1,0
888,3,36,4,A40,6614,0,4,4,0,4,2,34,2,1,2,3,1,1,1,1,0,0,1,0
889,3,28,1,A41,7824,4,1,3,2,4,0,40,0,0,2,2,2,1,1,1,0,0,1,0
890,0,27,4,A49,2442,0,4,4,0,4,2,43,1,1,4,3,2,1,1,1,0,0,1,0
891,3,15,4,A43,1829,0,4,4,0,4,2,46,2,1,2,2,1,1,1,1,0,0,1,0
892,0,12,4,A40,2171,0,2,4,0,4,1,38,0,1,2,1,1,0,0,1,0,0,1,0
893,1,36,4,A41,5800,0,2,3,0,4,2,34,2,1,2,2,1,1,1,1,0,0,1,0
894,3,18,4,A43,1169,4,2,4,0,3,1,29,2,1,2,2,1,1,1,1,0,0,1,0
895,3,36,3,A41,8947,4,3,3,0,2,2,31,1,1,1,3,2,1,1,1,0,0,1,0
896,0,21,2,A43,2606,0,1,4,0,4,1,28,2,0,1,3,1,1,1,1,0,1,0,0
897,3,12,4,A42,1592,3,3,3,0,2,1,35,2,1,1,2,1,0,0,1,0,1,0,0
898,3,15,2,A42,2186,4,3,1,0,4,0,33,0,0,1,1,1,0,1,1,0,1,0,0
899,0,18,2,A42,4153,0,2,2,1,3,2,42,2,1,1,2,1,0,1,2,0,0,1,0
900,0,16,4,A40,2625,0,4,2,2,4,1,43,0,0,1,2,1,1,1,2,0,0,1,0
901,3,20,4,A40,3485,4,1,2,0,4,0,44,2,1,2,2,1,1,1,1,1,0,0,0
902,3,36,4,A41,10477,4,4,2,0,4,3,42,2,2,2,2,1,0,1,1,0,0,1,0
903,3,15,2,A43,1386,4,2,4,0,2,0,40,2,0,1,2,1,1,1,1,0,0,0,1
904,3,24,2,A43,1278,0,4,4,0,1,0,36,2,1,1,3,1,1,1,1,0,0,1,0
905,0,12,2,A43,1107,0,2,2,0,2,0,20,2,0,1,3,2,1,1,1,0,0,1,0
906,0,21,2,A40,3763,4,3,2,1,2,0,24,2,1,1,1,1,0,0,1,0,0,1,0
907,1,36,2,A46,3711,4,2,2,0,2,2,27,2,1,1,2,1,0,1,1,0,0,0,1
908,3,15,3,A41,3594,0,1,1,0,2,1,46,2,1,2,1,1,0,1,1,0,1,0,0
909,1,9,2,A40,3195,4,2,1,0,2,0,33,2,1,1,1,1,0,1,1,0,1,0,0
910,3,36,3,A43,4454,0,2,4,0,4,0,34,2,1,2,2,1,0,1,1,0,1,0,0
911,1,24,4,A42,4736,0,1,2,0,4,2,25,0,1,1,1,1,0,1,2,0,1,0,0
912,1,30,2,A43,2991,4,4,2,0,4,2,25,2,1,1,2,1,0,1,1,0,1,0,0
913,3,11,2,A49,2142,3,4,1,0,2,0,28,2,1,1,2,1,1,1,1,1,0,0,0
914,0,24,1,A49,3161,0,2,4,0,2,1,31,2,0,1,2,1,1,1,2,0,0,1,0
915,1,48,0,A410,18424,0,2,1,0,2,1,32,0,1,1,3,1,1,0,2,0,1,0,0
916,3,10,2,A41,2848,1,2,1,1,2,0,32,2,1,1,2,2,0,1,1,0,0,1,0
917,0,6,2,A40,14896,0,4,1,0,4,3,68,0,1,1,3,1,1,1,2,0,0,1,0
918,0,24,2,A42,2359,1,0,1,0,1,1,33,2,1,1,2,1,0,1,2,1,0,0,0
919,0,24,2,A42,3345,0,4,4,0,2,1,39,2,0,1,3,1,1,1,2,0,0,1,0
920,3,18,4,A42,1817,0,2,4,0,2,3,28,2,1,2,2,1,0,1,1,0,1,0,0
921,3,48,3,A43,12749,2,3,4,0,1,2,37,2,1,1,3,1,1,1,1,0,0,1,0
922,0,9,2,A43,1366,0,1,3,0,4,1,22,2,0,1,2,1,0,1,2,0,1,0,0
923,1,12,2,A40,2002,0,3,3,0,4,1,30,2,0,1,2,2,1,1,1,0,0,1,0
924,0,24,1,A42,6872,0,1,2,0,1,1,55,0,1,1,2,1,1,1,2,1,0,0,0
925,0,12,1,A40,697,0,1,4,0,2,2,46,0,1,2,2,1,1,1,2,0,0,1,0
926,0,18,4,A42,1049,0,1,4,0,4,1,21,2,0,1,2,1,0,1,1,0,1,0,0
927,0,48,2,A41,10297,0,3,4,0,4,3,39,1,2,3,2,2,1,1,2,0,0,1,0
928,3,30,2,A43,1867,4,4,4,0,4,2,58,2,1,1,2,1,1,1,1,0,0,1,0
929,0,12,3,A40,1344,0,2,4,0,2,0,43,2,1,2,1,2,0,1,1,0,0,1,0
930,0,24,2,A42,1747,0,1,4,1,1,1,24,2,1,1,1,1,0,0,1,0,0,1,0
931,1,9,2,A43,1670,0,1,4,0,2,2,22,2,1,1,2,1,1,1,2,0,1,0,0
932,3,9,4,A40,1224,0,2,3,0,1,0,30,2,1,2,2,1,0,1,1,0,0,1,0
933,3,12,4,A43,522,2,4,4,0,4,1,42,2,1,2,2,2,1,1,1,0,0,1,0
934,0,12,2,A43,1498,0,2,4,0,1,2,23,0,1,1,2,1,0,1,1,0,1,0,0
935,1,30,3,A43,1919,1,1,4,0,3,3,30,1,1,2,3,1,0,1,2,0,0,1,0
936,2,9,2,A43,745,0,2,3,0,2,0,28,2,1,1,1,1,0,1,2,0,1,0,0
937,1,6,2,A43,2063,0,1,4,0,3,2,30,2,0,1,3,1,1,1,1,0,0,0,1
938,1,60,2,A46,6288,0,2,4,0,4,3,42,2,2,1,2,1,0,1,2,0,0,1,0
939,3,24,4,A41,6842,4,2,2,0,4,1,46,2,1,2,3,2,1,1,1,0,0,1,0
940,3,12,2,A40,3527,4,1,2,0,3,1,45,2,1,1,3,2,1,1,1,0,0,1,0
941,3,10,2,A40,1546,0,2,3,0,2,0,31,2,1,1,1,2,0,0,1,0,0,1,0
942,3,24,2,A42,929,4,3,4,0,2,2,31,1,1,1,2,1,1,1,1,0,0,1,0
943,3,4,4,A40,1455,0,3,2,0,1,0,42,2,1,3,1,2,0,1,1,0,0,1,0
944,0,15,2,A42,1845,0,1,4,2,1,1,46,2,0,1,2,1,0,1,1,0,1,0,0
945,1,48,0,A40,8358,2,1,1,0,1,2,30,2,1,2,2,1,0,1,1,0,1,0,0
946,0,24,1,A42,3349,2,1,4,0,4,3,30,2,2,1,2,2,1,1,2,0,0,1,0
947,3,12,2,A40,2859,4,0,4,0,4,3,38,2,1,1,3,1,1,1,1,0,0,1,0
948,3,18,2,A42,1533,0,1,4,1,1,1,43,2,1,1,1,2,0,1,2,0,0,0,1
949,3,24,2,A43,3621,1,4,2,0,4,2,31,2,1,2,2,1,0,1,2,0,0,1,0
950,1,18,4,A49,3590,0,0,3,0,3,2,40,2,1,3,0,2,1,1,1,0,0,0,1
951,0,36,3,A49,2145,0,3,2,0,1,2,24,2,1,2,2,1,1,1,2,0,0,1,0
952,1,24,2,A41,4113,2,1,3,0,4,2,28,2,0,1,2,1,0,1,2,0,1,0,0
953,3,36,2,A42,10974,0,0,4,0,2,2,26,2,1,2,3,1,1,1,2,0,1,0,0
954,0,12,2,A40,1893,0,2,4,2,4,1,29,2,1,1,2,1,1,1,1,0,1,0,0
955,0,24,4,A43,1231,3,4,4,0,4,1,57,2,0,2,3,1,1,1,1,0,1,0,0
956,2,30,4,A43,3656,4,4,4,0,4,1,49,1,1,2,1,1,0,1,1,0,0,1,0
957,1,9,4,A43,1154,0,4,2,0,4,0,37,2,1,3,1,1,0,1,1,0,0,1,0
958,0,28,2,A40,4006,0,2,3,0,2,2,45,2,1,1,1,1,0,1,2,0,0,1,0
959,1,24,2,A42,3069,1,4,4,0,4,3,30,2,2,1,2,1,0,1,1,0,0,1,0
960,3,6,4,A43,1740,0,4,2,0,2,0,30,2,0,2,2,1,0,1,1,0,0,0,1
961,1,21,3,A40,2353,0,2,1,0,4,1,47,2,1,2,2,1,0,1,1,1,0,0,0
962,3,15,2,A40,3556,4,2,3,0,2,3,29,2,1,1,2,1,0,1,1,0,0,1,0
963,3,24,2,A43,2397,2,4,3,0,2,2,35,0,1,2,2,1,1,1,2,0,0,1,0
964,1,6,2,A45,454,0,1,3,0,1,1,22,2,1,1,1,1,0,1,1,0,0,0,1
965,1,30,2,A43,1715,4,2,4,0,1,2,26,2,1,1,2,1,0,1,1,0,1,0,0
966,1,27,4,A43,2520,2,2,4,0,2,1,23,2,1,2,1,1,0,1,2,0,0,1,0
967,3,15,2,A43,3568,0,4,4,0,2,2,54,0,0,1,3,1,1,1,1,0,1,0,0
968,3,42,2,A43,7166,4,3,2,0,4,1,29,2,0,1,2,1,1,1,1,0,0,0,1
969,0,11,4,A40,3939,0,2,1,0,2,0,40,2,1,2,1,2,0,1,1,0,0,1,0
970,1,15,2,A45,1514,1,2,4,2,2,0,22,2,1,1,2,1,0,1,1,0,0,1,0
971,3,24,2,A40,7393,0,2,1,0,4,1,43,2,1,1,1,2,0,1,1,0,0,1,0
972,0,24,1,A40,1193,0,0,1,1,4,3,29,2,0,2,0,1,0,1,2,0,1,0,0
973,0,60,2,A49,7297,0,4,4,1,4,3,36,2,0,1,2,1,0,1,2,0,0,1,0
974,3,30,4,A43,2831,0,2,4,0,2,2,33,2,1,1,2,1,1,1,1,0,1,0,0
975,2,24,2,A43,1258,2,2,3,0,3,2,57,2,1,1,1,1,0,1,1,0,1,0,0
976,1,6,2,A43,753,0,2,2,2,3,0,64,2,1,1,2,1,0,1,1,0,1,0,0
977,1,18,3,A49,2427,4,4,4,0,2,1,42,2,1,2,2,1,0,1,1,0,0,1,0
978,3,24,3,A40,2538,0,4,4,0,4,2,47,2,1,2,1,2,0,1,2,0,0,1,0
979,1,15,1,A40,1264,1,2,2,0,2,1,25,2,0,1,2,1,0,1,2,0,0,0,1
980,1,30,4,A42,8386,0,3,2,0,2,1,49,2,1,1,2,1,0,1,2,0,0,1,0
981,3,48,2,A49,4844,0,0,3,0,2,2,33,0,0,1,3,1,1,1,2,0,0,1,0
982,2,21,2,A40,2923,1,2,1,0,1,2,28,0,1,1,3,1,1,1,1,0,1,0,0
983,0,36,2,A41,8229,0,2,2,0,2,1,26,2,1,1,2,2,0,1,2,0,0,1,0
984,3,24,4,A42,2028,0,3,2,0,2,1,30,2,1,2,1,1,0,1,1,0,0,1,0
985,0,15,4,A42,1433,0,2,4,0,3,1,25,2,0,2,2,1,0,1,1,0,1,0,0
986,2,42,0,A49,6289,0,1,2,0,1,1,33,2,1,2,2,1,0,1,1,1,0,0,0
987,3,13,2,A43,1409,1,0,2,0,4,0,64,2,1,1,2,1,0,1,1,0,1,0,0
988,0,24,2,A41,6579,0,0,4,0,2,3,29,2,2,1,3,1,1,1,1,0,0,1,0
989,1,24,4,A43,1743,0,4,4,0,2,1,48,2,1,2,1,1,0,1,1,0,0,1,0
990,3,12,4,A46,3565,4,1,2,0,1,1,37,2,1,2,1,2,0,1,1,0,0,1,0
991,3,15,1,A43,1569,1,4,4,0,4,2,34,0,1,1,1,2,0,1,1,0,0,1,0
992,0,18,2,A43,1936,4,3,2,0,4,2,23,2,0,2,1,1,0,1,1,0,0,0,1
993,0,36,2,A42,3959,0,0,4,0,3,1,30,2,1,1,3,1,1,1,1,0,0,1,0
994,3,12,2,A40,2390,4,4,4,0,3,2,50,2,1,1,2,1,1,1,1,0,0,1,0
995,3,12,2,A42,1736,0,3,3,0,4,0,31,2,1,1,1,1,0,1,1,0,1,0,0
996,0,30,2,A41,3857,0,2,4,0,4,1,40,2,1,1,3,1,1,1,1,1,0,0,0
997,3,12,2,A43,804,0,4,4,0,4,2,38,2,1,1,2,1,0,1,1,0,0,1,0
998,0,45,2,A43,1845,0,2,4,0,4,3,23,2,2,1,2,1,1,1,2,0,0,1,0
999,1,45,4,A41,4576,1,0,3,0,4,2,27,2,1,1,2,1,0,1,1,0,0,1,0
